--------------------------------------------------------
--  File created - Wednesday-January-11-2023   
--------------------------------------------------------
--------------------------------------------------------
--  DDL for Table ADMIN
--------------------------------------------------------

  CREATE TABLE "SHXAOYXN"."ADMIN" 
   (	"ADMIN_ID" VARCHAR2(10 BYTE), 
	"PERSONAL_INFO_ID" VARCHAR2(10 BYTE), 
	"ADMIN_PASSWORD" VARCHAR2(20 BYTE)
   ) SEGMENT CREATION IMMEDIATE 
  PCTFREE 10 PCTUSED 40 INITRANS 1 MAXTRANS 255 NOCOMPRESS LOGGING
  STORAGE(INITIAL 65536 NEXT 1048576 MINEXTENTS 1 MAXEXTENTS 2147483645
  PCTINCREASE 0 FREELISTS 1 FREELIST GROUPS 1 BUFFER_POOL DEFAULT FLASH_CACHE DEFAULT CELL_FLASH_CACHE DEFAULT)
  TABLESPACE "USERS" ;
--------------------------------------------------------
--  DDL for Table APPOINTMENT
--------------------------------------------------------

  CREATE TABLE "SHXAOYXN"."APPOINTMENT" 
   (	"APPOINTMENT_ID" VARCHAR2(10 BYTE), 
	"PATIENT_ID" VARCHAR2(10 BYTE), 
	"APPOINTMENT_DATE_TIME" TIMESTAMP (6)
   ) SEGMENT CREATION IMMEDIATE 
  PCTFREE 10 PCTUSED 40 INITRANS 1 MAXTRANS 255 NOCOMPRESS LOGGING
  STORAGE(INITIAL 65536 NEXT 1048576 MINEXTENTS 1 MAXEXTENTS 2147483645
  PCTINCREASE 0 FREELISTS 1 FREELIST GROUPS 1 BUFFER_POOL DEFAULT FLASH_CACHE DEFAULT CELL_FLASH_CACHE DEFAULT)
  TABLESPACE "USERS" ;
--------------------------------------------------------
--  DDL for Table CLINIC_ASSISTANT
--------------------------------------------------------

  CREATE TABLE "SHXAOYXN"."CLINIC_ASSISTANT" 
   (	"CLINIC_ASSISTANT_ID" VARCHAR2(10 BYTE), 
	"PERSONAL_INFO_ID" VARCHAR2(10 BYTE), 
	"CLINIC_ASST_PASSWORD" VARCHAR2(20 BYTE), 
	"POSITION" VARCHAR2(20 BYTE), 
	"PAST_EMPLOYEE" VARCHAR2(100 BYTE), 
	"PAST_EMPLOYMENT_DURATION_YEAR" FLOAT(126), 
	"SALARY" FLOAT(126)
   ) SEGMENT CREATION IMMEDIATE 
  PCTFREE 10 PCTUSED 40 INITRANS 1 MAXTRANS 255 NOCOMPRESS LOGGING
  STORAGE(INITIAL 65536 NEXT 1048576 MINEXTENTS 1 MAXEXTENTS 2147483645
  PCTINCREASE 0 FREELISTS 1 FREELIST GROUPS 1 BUFFER_POOL DEFAULT FLASH_CACHE DEFAULT CELL_FLASH_CACHE DEFAULT)
  TABLESPACE "USERS" ;
--------------------------------------------------------
--  DDL for Table DISEASE
--------------------------------------------------------

  CREATE TABLE "SHXAOYXN"."DISEASE" 
   (	"DISEASE_ID" VARCHAR2(10 BYTE), 
	"TREATMENT_ID" VARCHAR2(10 BYTE), 
	"DISEASE_NAME" VARCHAR2(100 BYTE), 
	"DESCRIPTION" VARCHAR2(255 BYTE)
   ) SEGMENT CREATION IMMEDIATE 
  PCTFREE 10 PCTUSED 40 INITRANS 1 MAXTRANS 255 NOCOMPRESS LOGGING
  STORAGE(INITIAL 65536 NEXT 1048576 MINEXTENTS 1 MAXEXTENTS 2147483645
  PCTINCREASE 0 FREELISTS 1 FREELIST GROUPS 1 BUFFER_POOL DEFAULT FLASH_CACHE DEFAULT CELL_FLASH_CACHE DEFAULT)
  TABLESPACE "USERS" ;
--------------------------------------------------------
--  DDL for Table DOCTOR
--------------------------------------------------------

  CREATE TABLE "SHXAOYXN"."DOCTOR" 
   (	"DOCTOR_ID" VARCHAR2(10 BYTE), 
	"PERSONAL_INFO_ID" VARCHAR2(10 BYTE), 
	"PASSWORD" VARCHAR2(20 BYTE), 
	"PRACTITIONER_TYPE" VARCHAR2(20 BYTE)
   ) SEGMENT CREATION IMMEDIATE 
  PCTFREE 10 PCTUSED 40 INITRANS 1 MAXTRANS 255 NOCOMPRESS LOGGING
  STORAGE(INITIAL 65536 NEXT 1048576 MINEXTENTS 1 MAXEXTENTS 2147483645
  PCTINCREASE 0 FREELISTS 1 FREELIST GROUPS 1 BUFFER_POOL DEFAULT FLASH_CACHE DEFAULT CELL_FLASH_CACHE DEFAULT)
  TABLESPACE "USERS" ;
--------------------------------------------------------
--  DDL for Table INSURANCE
--------------------------------------------------------

  CREATE TABLE "SHXAOYXN"."INSURANCE" 
   (	"INSURANCE_ID" VARCHAR2(10 BYTE), 
	"PATIENT_ID" VARCHAR2(10 BYTE), 
	"INSURANCE_COMPANY" VARCHAR2(100 BYTE), 
	"INSURANCE_AMOUNT" FLOAT(126), 
	"INSURANCE_DATE" DATE
   ) SEGMENT CREATION IMMEDIATE 
  PCTFREE 10 PCTUSED 40 INITRANS 1 MAXTRANS 255 NOCOMPRESS LOGGING
  STORAGE(INITIAL 65536 NEXT 1048576 MINEXTENTS 1 MAXEXTENTS 2147483645
  PCTINCREASE 0 FREELISTS 1 FREELIST GROUPS 1 BUFFER_POOL DEFAULT FLASH_CACHE DEFAULT CELL_FLASH_CACHE DEFAULT)
  TABLESPACE "USERS" ;
--------------------------------------------------------
--  DDL for Table INVENTORY_RECORD
--------------------------------------------------------

  CREATE TABLE "SHXAOYXN"."INVENTORY_RECORD" 
   (	"INVENTORY_RECORD_ID" VARCHAR2(10 BYTE), 
	"MEDICINE_ID" VARCHAR2(10 BYTE), 
	"QUANTITY" NUMBER, 
	"ACTUAL_PRICE" FLOAT(126), 
	"SELLING_PRICE" FLOAT(126), 
	"DATE_RECEIVED" DATE, 
	"EXPIRY_DATE" DATE
   ) SEGMENT CREATION IMMEDIATE 
  PCTFREE 10 PCTUSED 40 INITRANS 1 MAXTRANS 255 NOCOMPRESS LOGGING
  STORAGE(INITIAL 65536 NEXT 1048576 MINEXTENTS 1 MAXEXTENTS 2147483645
  PCTINCREASE 0 FREELISTS 1 FREELIST GROUPS 1 BUFFER_POOL DEFAULT FLASH_CACHE DEFAULT CELL_FLASH_CACHE DEFAULT)
  TABLESPACE "USERS" ;
--------------------------------------------------------
--  DDL for Table MEDICAL_RECORD
--------------------------------------------------------

  CREATE TABLE "SHXAOYXN"."MEDICAL_RECORD" 
   (	"MEDICAL_RECORD_ID" VARCHAR2(10 BYTE), 
	"PATIENT_ID" VARCHAR2(10 BYTE), 
	"DOCTOR_ID" VARCHAR2(10 BYTE), 
	"CLINIC_ASSISTANT_ID" VARCHAR2(10 BYTE), 
	"PRESCRIPTION_ID" VARCHAR2(10 BYTE), 
	"DATE_ID" DATE, 
	"SYMPTOMS" VARCHAR2(255 BYTE), 
	"DIAGNOSIS" VARCHAR2(255 BYTE), 
	"FOLLOW_UP_PLAN" VARCHAR2(100 BYTE) DEFAULT 'None'
   ) SEGMENT CREATION IMMEDIATE 
  PCTFREE 10 PCTUSED 40 INITRANS 1 MAXTRANS 255 NOCOMPRESS LOGGING
  STORAGE(INITIAL 65536 NEXT 1048576 MINEXTENTS 1 MAXEXTENTS 2147483645
  PCTINCREASE 0 FREELISTS 1 FREELIST GROUPS 1 BUFFER_POOL DEFAULT FLASH_CACHE DEFAULT CELL_FLASH_CACHE DEFAULT)
  TABLESPACE "USERS" ;
--------------------------------------------------------
--  DDL for Table MEDICINE_INFO
--------------------------------------------------------

  CREATE TABLE "SHXAOYXN"."MEDICINE_INFO" 
   (	"MEDICINE_ID" VARCHAR2(20 BYTE), 
	"MEDICINE_NAME" VARCHAR2(100 BYTE), 
	"DOSE_MG_ML" FLOAT(126), 
	"FREQUENCY" NUMBER, 
	"BEFORE_AFTER_FOOD" VARCHAR2(10 BYTE) DEFAULT 'Before', 
	"TO_FINISH" VARCHAR2(10 BYTE) DEFAULT 'No', 
	"TYPE" VARCHAR2(20 BYTE) DEFAULT 'Pills', 
	"DESCRIPTION" VARCHAR2(255 BYTE), 
	"CATEGORY" VARCHAR2(20 BYTE), 
	"QUANTITY" NUMBER
   ) SEGMENT CREATION IMMEDIATE 
  PCTFREE 10 PCTUSED 40 INITRANS 1 MAXTRANS 255 NOCOMPRESS LOGGING
  STORAGE(INITIAL 65536 NEXT 1048576 MINEXTENTS 1 MAXEXTENTS 2147483645
  PCTINCREASE 0 FREELISTS 1 FREELIST GROUPS 1 BUFFER_POOL DEFAULT FLASH_CACHE DEFAULT CELL_FLASH_CACHE DEFAULT)
  TABLESPACE "USERS" ;
--------------------------------------------------------
--  DDL for Table PATIENT
--------------------------------------------------------

  CREATE TABLE "SHXAOYXN"."PATIENT" 
   (	"PATIENT_ID" VARCHAR2(10 BYTE), 
	"PERSONAL_INFO_ID" VARCHAR2(10 BYTE), 
	"MEDICAL_RECORD_ID" VARCHAR2(10 BYTE), 
	"WEIGHT" FLOAT(126), 
	"HEIGHT" FLOAT(126), 
	"BLOOD_GROUP" VARCHAR2(10 BYTE), 
	"COMPANY_NAME" VARCHAR2(100 BYTE), 
	"DATE_VISIT" DATE DEFAULT NULL, 
	"LAST_VISIT" DATE DEFAULT NULL, 
	"ALLERGIES" VARCHAR2(100 BYTE) DEFAULT 'None', 
	"DRUG_HISTORY" VARCHAR2(20 BYTE) DEFAULT 'None'
   ) SEGMENT CREATION IMMEDIATE 
  PCTFREE 10 PCTUSED 40 INITRANS 1 MAXTRANS 255 NOCOMPRESS LOGGING
  STORAGE(INITIAL 65536 NEXT 1048576 MINEXTENTS 1 MAXEXTENTS 2147483645
  PCTINCREASE 0 FREELISTS 1 FREELIST GROUPS 1 BUFFER_POOL DEFAULT FLASH_CACHE DEFAULT CELL_FLASH_CACHE DEFAULT)
  TABLESPACE "USERS" ;
--------------------------------------------------------
--  DDL for Table PAYMENT
--------------------------------------------------------

  CREATE TABLE "SHXAOYXN"."PAYMENT" 
   (	"PAYMENT_ID" VARCHAR2(10 BYTE), 
	"PATIENT_ID" VARCHAR2(10 BYTE), 
	"RECEIPT_ID" VARCHAR2(15 BYTE)
   ) SEGMENT CREATION IMMEDIATE 
  PCTFREE 10 PCTUSED 40 INITRANS 1 MAXTRANS 255 NOCOMPRESS LOGGING
  STORAGE(INITIAL 65536 NEXT 1048576 MINEXTENTS 1 MAXEXTENTS 2147483645
  PCTINCREASE 0 FREELISTS 1 FREELIST GROUPS 1 BUFFER_POOL DEFAULT FLASH_CACHE DEFAULT CELL_FLASH_CACHE DEFAULT)
  TABLESPACE "USERS" ;
--------------------------------------------------------
--  DDL for Table PERSONAL_INFO
--------------------------------------------------------

  CREATE TABLE "SHXAOYXN"."PERSONAL_INFO" 
   (	"PERSONAL_INFO_ID" VARCHAR2(10 BYTE), 
	"NAME" VARCHAR2(255 BYTE), 
	"PHONE_NUMBER" VARCHAR2(20 BYTE), 
	"EMAIL" VARCHAR2(255 BYTE), 
	"IC_NO" VARCHAR2(14 BYTE), 
	"RELIGION" VARCHAR2(20 BYTE), 
	"GENDER" VARCHAR2(10 BYTE), 
	"AGE" NUMBER(3,0), 
	"RACE" VARCHAR2(20 BYTE), 
	"NATIONALITY" VARCHAR2(20 BYTE), 
	"OCCUPATION" VARCHAR2(100 BYTE) DEFAULT 'Not Working', 
	"NO_OF_CHILDREN" NUMBER DEFAULT 0, 
	"MARITAL_STATUS" VARCHAR2(20 BYTE), 
	"ADDRESS" VARCHAR2(255 BYTE)
   ) SEGMENT CREATION IMMEDIATE 
  PCTFREE 10 PCTUSED 40 INITRANS 1 MAXTRANS 255 NOCOMPRESS LOGGING
  STORAGE(INITIAL 65536 NEXT 1048576 MINEXTENTS 1 MAXEXTENTS 2147483645
  PCTINCREASE 0 FREELISTS 1 FREELIST GROUPS 1 BUFFER_POOL DEFAULT FLASH_CACHE DEFAULT CELL_FLASH_CACHE DEFAULT)
  TABLESPACE "USERS" ;
--------------------------------------------------------
--  DDL for Table PRESCRIPTION
--------------------------------------------------------

  CREATE TABLE "SHXAOYXN"."PRESCRIPTION" 
   (	"PRESCRIPTION_ID" VARCHAR2(10 BYTE), 
	"TREATMENT_ID" VARCHAR2(10 BYTE), 
	"DESCRIPTION" VARCHAR2(255 BYTE)
   ) SEGMENT CREATION IMMEDIATE 
  PCTFREE 10 PCTUSED 40 INITRANS 1 MAXTRANS 255 NOCOMPRESS LOGGING
  STORAGE(INITIAL 65536 NEXT 1048576 MINEXTENTS 1 MAXEXTENTS 2147483645
  PCTINCREASE 0 FREELISTS 1 FREELIST GROUPS 1 BUFFER_POOL DEFAULT FLASH_CACHE DEFAULT CELL_FLASH_CACHE DEFAULT)
  TABLESPACE "USERS" ;
--------------------------------------------------------
--  DDL for Table PRESCRIPTION_MEDICINE
--------------------------------------------------------

  CREATE TABLE "SHXAOYXN"."PRESCRIPTION_MEDICINE" 
   (	"PRESCRIPTION_ID" VARCHAR2(10 BYTE), 
	"MEDICINE_ID" VARCHAR2(20 BYTE)
   ) SEGMENT CREATION IMMEDIATE 
  PCTFREE 10 PCTUSED 40 INITRANS 1 MAXTRANS 255 NOCOMPRESS LOGGING
  STORAGE(INITIAL 65536 NEXT 1048576 MINEXTENTS 1 MAXEXTENTS 2147483645
  PCTINCREASE 0 FREELISTS 1 FREELIST GROUPS 1 BUFFER_POOL DEFAULT FLASH_CACHE DEFAULT CELL_FLASH_CACHE DEFAULT)
  TABLESPACE "USERS" ;
--------------------------------------------------------
--  DDL for Table RECEIPT
--------------------------------------------------------

  CREATE TABLE "SHXAOYXN"."RECEIPT" 
   (	"RECEIPT_ID" VARCHAR2(10 BYTE), 
	"PAYMENT_TYPE" VARCHAR2(20 BYTE), 
	"PAYMENT_ITEM" VARCHAR2(100 BYTE), 
	"PAYMENT_AMOUNT" FLOAT(126), 
	"PAYMENT_DATE" DATE
   ) SEGMENT CREATION IMMEDIATE 
  PCTFREE 10 PCTUSED 40 INITRANS 1 MAXTRANS 255 NOCOMPRESS LOGGING
  STORAGE(INITIAL 65536 NEXT 1048576 MINEXTENTS 1 MAXEXTENTS 2147483645
  PCTINCREASE 0 FREELISTS 1 FREELIST GROUPS 1 BUFFER_POOL DEFAULT FLASH_CACHE DEFAULT CELL_FLASH_CACHE DEFAULT)
  TABLESPACE "USERS" ;
--------------------------------------------------------
--  DDL for Table REGISTRATION
--------------------------------------------------------

  CREATE TABLE "SHXAOYXN"."REGISTRATION" 
   (	"PATIENT_ID" VARCHAR2(10 BYTE), 
	"CLINIC_ASSISTANT_ID" VARCHAR2(10 BYTE), 
	"REGISTRATION_DATE" DATE
   ) SEGMENT CREATION IMMEDIATE 
  PCTFREE 10 PCTUSED 40 INITRANS 1 MAXTRANS 255 NOCOMPRESS LOGGING
  STORAGE(INITIAL 65536 NEXT 1048576 MINEXTENTS 1 MAXEXTENTS 2147483645
  PCTINCREASE 0 FREELISTS 1 FREELIST GROUPS 1 BUFFER_POOL DEFAULT FLASH_CACHE DEFAULT CELL_FLASH_CACHE DEFAULT)
  TABLESPACE "USERS" ;
--------------------------------------------------------
--  DDL for Table TREATMENT
--------------------------------------------------------

  CREATE TABLE "SHXAOYXN"."TREATMENT" 
   (	"TREATMENT_ID" VARCHAR2(10 BYTE), 
	"MEDICINE_ID" VARCHAR2(20 BYTE), 
	"TREATMENT_NAME" VARCHAR2(100 BYTE), 
	"MEDICATION_PERIOD_DAY" NUMBER
   ) SEGMENT CREATION IMMEDIATE 
  PCTFREE 10 PCTUSED 40 INITRANS 1 MAXTRANS 255 NOCOMPRESS LOGGING
  STORAGE(INITIAL 65536 NEXT 1048576 MINEXTENTS 1 MAXEXTENTS 2147483645
  PCTINCREASE 0 FREELISTS 1 FREELIST GROUPS 1 BUFFER_POOL DEFAULT FLASH_CACHE DEFAULT CELL_FLASH_CACHE DEFAULT)
  TABLESPACE "USERS" ;
--------------------------------------------------------
--  DDL for Table VACCINATION
--------------------------------------------------------

  CREATE TABLE "SHXAOYXN"."VACCINATION" 
   (	"VACINATION_ID" VARCHAR2(10 BYTE), 
	"PATIENT_ID" VARCHAR2(10 BYTE), 
	"VACCINATION_TYPE" VARCHAR2(100 BYTE), 
	"VACCINATION_NAME" VARCHAR2(100 BYTE), 
	"VACCINATION_PERIOD_MONTH" NUMBER
   ) SEGMENT CREATION IMMEDIATE 
  PCTFREE 10 PCTUSED 40 INITRANS 1 MAXTRANS 255 NOCOMPRESS LOGGING
  STORAGE(INITIAL 65536 NEXT 1048576 MINEXTENTS 1 MAXEXTENTS 2147483645
  PCTINCREASE 0 FREELISTS 1 FREELIST GROUPS 1 BUFFER_POOL DEFAULT FLASH_CACHE DEFAULT CELL_FLASH_CACHE DEFAULT)
  TABLESPACE "USERS" ;
REM INSERTING into SHXAOYXN.ADMIN
SET DEFINE OFF;
Insert into SHXAOYXN.ADMIN (ADMIN_ID,PERSONAL_INFO_ID,ADMIN_PASSWORD) values ('A003','PI003','admin3cnadud');
Insert into SHXAOYXN.ADMIN (ADMIN_ID,PERSONAL_INFO_ID,ADMIN_PASSWORD) values ('A001','PI001','admin1asudhuf');
Insert into SHXAOYXN.ADMIN (ADMIN_ID,PERSONAL_INFO_ID,ADMIN_PASSWORD) values ('A002','PI002','admin2oduwnc');
Insert into SHXAOYXN.ADMIN (ADMIN_ID,PERSONAL_INFO_ID,ADMIN_PASSWORD) values ('A004','PI004','admin4harsvck');
Insert into SHXAOYXN.ADMIN (ADMIN_ID,PERSONAL_INFO_ID,ADMIN_PASSWORD) values ('A005','PI011','admin5qpeyabs');
REM INSERTING into SHXAOYXN.APPOINTMENT
SET DEFINE OFF;
Insert into SHXAOYXN.APPOINTMENT (APPOINTMENT_ID,PATIENT_ID,APPOINTMENT_DATE_TIME) values ('AP001','P001',to_timestamp('02/03/2022 14:00:00.923297000','DD/MM/RRRR HH24:MI:SSXFF'));
Insert into SHXAOYXN.APPOINTMENT (APPOINTMENT_ID,PATIENT_ID,APPOINTMENT_DATE_TIME) values ('AP002','P001',to_timestamp('01/04/2022 10:00:00.449256000','DD/MM/RRRR HH24:MI:SSXFF'));
Insert into SHXAOYXN.APPOINTMENT (APPOINTMENT_ID,PATIENT_ID,APPOINTMENT_DATE_TIME) values ('AP003','P004',to_timestamp('13/04/2023 12:00:00.176278000','DD/MM/RRRR HH24:MI:SSXFF'));
Insert into SHXAOYXN.APPOINTMENT (APPOINTMENT_ID,PATIENT_ID,APPOINTMENT_DATE_TIME) values ('AP004','P006',to_timestamp('19/05/2023 16:00:00.788838000','DD/MM/RRRR HH24:MI:SSXFF'));
Insert into SHXAOYXN.APPOINTMENT (APPOINTMENT_ID,PATIENT_ID,APPOINTMENT_DATE_TIME) values ('AP005','P008',to_timestamp('24/05/2022 10:30:00.113270000','DD/MM/RRRR HH24:MI:SSXFF'));
Insert into SHXAOYXN.APPOINTMENT (APPOINTMENT_ID,PATIENT_ID,APPOINTMENT_DATE_TIME) values ('AP006','P003',to_timestamp('08/06/2022 09:30:00.550191000','DD/MM/RRRR HH24:MI:SSXFF'));
Insert into SHXAOYXN.APPOINTMENT (APPOINTMENT_ID,PATIENT_ID,APPOINTMENT_DATE_TIME) values ('AP007','P005',to_timestamp('24/07/2023 16:30:00.046965000','DD/MM/RRRR HH24:MI:SSXFF'));
Insert into SHXAOYXN.APPOINTMENT (APPOINTMENT_ID,PATIENT_ID,APPOINTMENT_DATE_TIME) values ('AP008','P007',to_timestamp('18/01/2023 10:30:00.209406000','DD/MM/RRRR HH24:MI:SSXFF'));
REM INSERTING into SHXAOYXN.CLINIC_ASSISTANT
SET DEFINE OFF;
Insert into SHXAOYXN.CLINIC_ASSISTANT (CLINIC_ASSISTANT_ID,PERSONAL_INFO_ID,CLINIC_ASST_PASSWORD,POSITION,PAST_EMPLOYEE,PAST_EMPLOYMENT_DURATION_YEAR,SALARY) values ('CA001','PI002','ca1dhuefb','Nurse','Poliklinik Tan',4,5500);
Insert into SHXAOYXN.CLINIC_ASSISTANT (CLINIC_ASSISTANT_ID,PERSONAL_INFO_ID,CLINIC_ASST_PASSWORD,POSITION,PAST_EMPLOYEE,PAST_EMPLOYMENT_DURATION_YEAR,SALARY) values ('CA002','PI003','ca2owjfrjfn','Pharmacist','None',0,4200);
Insert into SHXAOYXN.CLINIC_ASSISTANT (CLINIC_ASSISTANT_ID,PERSONAL_INFO_ID,CLINIC_ASST_PASSWORD,POSITION,PAST_EMPLOYEE,PAST_EMPLOYMENT_DURATION_YEAR,SALARY) values ('CA003','PI007','ca3wodnrf','Nurse','Klinik Tan and Lee',3,4500);
Insert into SHXAOYXN.CLINIC_ASSISTANT (CLINIC_ASSISTANT_ID,PERSONAL_INFO_ID,CLINIC_ASST_PASSWORD,POSITION,PAST_EMPLOYEE,PAST_EMPLOYMENT_DURATION_YEAR,SALARY) values ('CA004','PI009','ca4odufne','Nurse','Hospital Pantai',5,4700);
Insert into SHXAOYXN.CLINIC_ASSISTANT (CLINIC_ASSISTANT_ID,PERSONAL_INFO_ID,CLINIC_ASST_PASSWORD,POSITION,PAST_EMPLOYEE,PAST_EMPLOYMENT_DURATION_YEAR,SALARY) values ('CA005','PI014','ca5sodune','Assistant','Hospital Columbia',10,5200);
REM INSERTING into SHXAOYXN.DISEASE
SET DEFINE OFF;
Insert into SHXAOYXN.DISEASE (DISEASE_ID,TREATMENT_ID,DISEASE_NAME,DESCRIPTION) values ('DS001','T001','Hypertension','Blood sugar level that is higher than normal');
Insert into SHXAOYXN.DISEASE (DISEASE_ID,TREATMENT_ID,DISEASE_NAME,DESCRIPTION) values ('DS002','T002','Hyperglycaemia','Level of sugar in blood is too high');
Insert into SHXAOYXN.DISEASE (DISEASE_ID,TREATMENT_ID,DISEASE_NAME,DESCRIPTION) values ('DS003','T004','Hyperglycaemia','Level of sugar in blood is too high');
Insert into SHXAOYXN.DISEASE (DISEASE_ID,TREATMENT_ID,DISEASE_NAME,DESCRIPTION) values ('DS004','T007','Common cold','Viral infection of nose and throat');
Insert into SHXAOYXN.DISEASE (DISEASE_ID,TREATMENT_ID,DISEASE_NAME,DESCRIPTION) values ('DS005','T006','Flu ','Flu is a contagious respiratory illness caused by influenza viruses that infect the nose, throat, and sometimes the lungs');
Insert into SHXAOYXN.DISEASE (DISEASE_ID,TREATMENT_ID,DISEASE_NAME,DESCRIPTION) values ('DS006','T008','Eczema','A condition that causes dry, itchy and inflamed skin');
Insert into SHXAOYXN.DISEASE (DISEASE_ID,TREATMENT_ID,DISEASE_NAME,DESCRIPTION) values ('DS007','T008','Allergic reaction','Skin gets inflamed when an allergic reaction or irritation causes chemicals to be released in the skin. These make blood vessels widen and the irritated skin becomes red, swollen, itchy and painful');
Insert into SHXAOYXN.DISEASE (DISEASE_ID,TREATMENT_ID,DISEASE_NAME,DESCRIPTION) values ('DS008','T005','Type 2 diabetes','A condition where the body does not make enough insulin, or the insulin that it makes does not work properly');
REM INSERTING into SHXAOYXN.DOCTOR
SET DEFINE OFF;
Insert into SHXAOYXN.DOCTOR (DOCTOR_ID,PERSONAL_INFO_ID,PASSWORD,PRACTITIONER_TYPE) values ('DR001','PI001','drfirsttifhief','General practitioner');
Insert into SHXAOYXN.DOCTOR (DOCTOR_ID,PERSONAL_INFO_ID,PASSWORD,PRACTITIONER_TYPE) values ('DR002','PI004','drsecondfowruaar','General practitioner');
Insert into SHXAOYXN.DOCTOR (DOCTOR_ID,PERSONAL_INFO_ID,PASSWORD,PRACTITIONER_TYPE) values ('DR003','PI011','drthirdcnaohrg','General practitioner');
REM INSERTING into SHXAOYXN.INSURANCE
SET DEFINE OFF;
Insert into SHXAOYXN.INSURANCE (INSURANCE_ID,PATIENT_ID,INSURANCE_COMPANY,INSURANCE_AMOUNT,INSURANCE_DATE) values ('I001','P001','Prudential',1300,to_date('15/04/2022','DD/MM/RRRR'));
Insert into SHXAOYXN.INSURANCE (INSURANCE_ID,PATIENT_ID,INSURANCE_COMPANY,INSURANCE_AMOUNT,INSURANCE_DATE) values ('I002','P002','Prudential',1600,to_date('17/06/2022','DD/MM/RRRR'));
Insert into SHXAOYXN.INSURANCE (INSURANCE_ID,PATIENT_ID,INSURANCE_COMPANY,INSURANCE_AMOUNT,INSURANCE_DATE) values ('I003','P003','Takaful',1800,to_date('29/03/2022','DD/MM/RRRR'));
Insert into SHXAOYXN.INSURANCE (INSURANCE_ID,PATIENT_ID,INSURANCE_COMPANY,INSURANCE_AMOUNT,INSURANCE_DATE) values ('I004','P004','Takaful',2000,to_date('04/02/2022','DD/MM/RRRR'));
Insert into SHXAOYXN.INSURANCE (INSURANCE_ID,PATIENT_ID,INSURANCE_COMPANY,INSURANCE_AMOUNT,INSURANCE_DATE) values ('I005','P005','Great Eastern',1600,to_date('09/02/2022','DD/MM/RRRR'));
Insert into SHXAOYXN.INSURANCE (INSURANCE_ID,PATIENT_ID,INSURANCE_COMPANY,INSURANCE_AMOUNT,INSURANCE_DATE) values ('I006','P006','Prudential',2300,to_date('27/11/2022','DD/MM/RRRR'));
Insert into SHXAOYXN.INSURANCE (INSURANCE_ID,PATIENT_ID,INSURANCE_COMPANY,INSURANCE_AMOUNT,INSURANCE_DATE) values ('I007','P007','Great Eastern',1700,to_date('13/10/2022','DD/MM/RRRR'));
Insert into SHXAOYXN.INSURANCE (INSURANCE_ID,PATIENT_ID,INSURANCE_COMPANY,INSURANCE_AMOUNT,INSURANCE_DATE) values ('I008','P008','Prudential',1800,to_date('06/08/2022','DD/MM/RRRR'));
REM INSERTING into SHXAOYXN.INVENTORY_RECORD
SET DEFINE OFF;
Insert into SHXAOYXN.INVENTORY_RECORD (INVENTORY_RECORD_ID,MEDICINE_ID,QUANTITY,ACTUAL_PRICE,SELLING_PRICE,DATE_RECEIVED,EXPIRY_DATE) values ('I0001','M0001',500,2.4,3,to_date('03/01/2022','DD/MM/RRRR'),to_date('01/01/2024','DD/MM/RRRR'));
Insert into SHXAOYXN.INVENTORY_RECORD (INVENTORY_RECORD_ID,MEDICINE_ID,QUANTITY,ACTUAL_PRICE,SELLING_PRICE,DATE_RECEIVED,EXPIRY_DATE) values ('I0002','M0002',500,4.5,5,to_date('03/01/2022','DD/MM/RRRR'),to_date('05/04/2023','DD/MM/RRRR'));
Insert into SHXAOYXN.INVENTORY_RECORD (INVENTORY_RECORD_ID,MEDICINE_ID,QUANTITY,ACTUAL_PRICE,SELLING_PRICE,DATE_RECEIVED,EXPIRY_DATE) values ('I0003','M0003',500,5,6,to_date('03/01/2022','DD/MM/RRRR'),to_date('01/01/2024','DD/MM/RRRR'));
Insert into SHXAOYXN.INVENTORY_RECORD (INVENTORY_RECORD_ID,MEDICINE_ID,QUANTITY,ACTUAL_PRICE,SELLING_PRICE,DATE_RECEIVED,EXPIRY_DATE) values ('I0004','M0004',500,3.5,5,to_date('03/01/2022','DD/MM/RRRR'),to_date('06/09/2023','DD/MM/RRRR'));
Insert into SHXAOYXN.INVENTORY_RECORD (INVENTORY_RECORD_ID,MEDICINE_ID,QUANTITY,ACTUAL_PRICE,SELLING_PRICE,DATE_RECEIVED,EXPIRY_DATE) values ('I0005','M0005',500,2.6,4,to_date('03/01/2022','DD/MM/RRRR'),to_date('01/01/2024','DD/MM/RRRR'));
Insert into SHXAOYXN.INVENTORY_RECORD (INVENTORY_RECORD_ID,MEDICINE_ID,QUANTITY,ACTUAL_PRICE,SELLING_PRICE,DATE_RECEIVED,EXPIRY_DATE) values ('I0006','M0006',500,8,9,to_date('03/01/2022','DD/MM/RRRR'),to_date('05/04/2023','DD/MM/RRRR'));
Insert into SHXAOYXN.INVENTORY_RECORD (INVENTORY_RECORD_ID,MEDICINE_ID,QUANTITY,ACTUAL_PRICE,SELLING_PRICE,DATE_RECEIVED,EXPIRY_DATE) values ('I0007','M0007',500,5.7,7,to_date('05/01/2022','DD/MM/RRRR'),to_date('06/09/2023','DD/MM/RRRR'));
Insert into SHXAOYXN.INVENTORY_RECORD (INVENTORY_RECORD_ID,MEDICINE_ID,QUANTITY,ACTUAL_PRICE,SELLING_PRICE,DATE_RECEIVED,EXPIRY_DATE) values ('I0008','M0008',500,35,38,to_date('05/01/2022','DD/MM/RRRR'),to_date('06/01/2024','DD/MM/RRRR'));
REM INSERTING into SHXAOYXN.MEDICAL_RECORD
SET DEFINE OFF;
Insert into SHXAOYXN.MEDICAL_RECORD (MEDICAL_RECORD_ID,PATIENT_ID,DOCTOR_ID,CLINIC_ASSISTANT_ID,PRESCRIPTION_ID,DATE_ID,SYMPTOMS,DIAGNOSIS,FOLLOW_UP_PLAN) values ('MD001','P001','DR001','CA002','PR0005',to_date('14/12/2023','DD/MM/RRRR'),'Heavy cough, heavy running nose, fever, headache','Flu','None');
Insert into SHXAOYXN.MEDICAL_RECORD (MEDICAL_RECORD_ID,PATIENT_ID,DOCTOR_ID,CLINIC_ASSISTANT_ID,PRESCRIPTION_ID,DATE_ID,SYMPTOMS,DIAGNOSIS,FOLLOW_UP_PLAN) values ('MD002','P002','DR001','CA004','PR0006',to_date('14/12/2023','DD/MM/RRRR'),'Running nose only','Common cold','None');
Insert into SHXAOYXN.MEDICAL_RECORD (MEDICAL_RECORD_ID,PATIENT_ID,DOCTOR_ID,CLINIC_ASSISTANT_ID,PRESCRIPTION_ID,DATE_ID,SYMPTOMS,DIAGNOSIS,FOLLOW_UP_PLAN) values ('MD003','P003','DR002','CA002','PR0008',to_date('14/12/2024','DD/MM/RRRR'),'Itchy skin','Allergic reaction','None');
Insert into SHXAOYXN.MEDICAL_RECORD (MEDICAL_RECORD_ID,PATIENT_ID,DOCTOR_ID,CLINIC_ASSISTANT_ID,PRESCRIPTION_ID,DATE_ID,SYMPTOMS,DIAGNOSIS,FOLLOW_UP_PLAN) values ('MD004','P004','DR003','CA002','PR0007',to_date('14/12/2025','DD/MM/RRRR'),'Fever ','Normal virus infection','None');
Insert into SHXAOYXN.MEDICAL_RECORD (MEDICAL_RECORD_ID,PATIENT_ID,DOCTOR_ID,CLINIC_ASSISTANT_ID,PRESCRIPTION_ID,DATE_ID,SYMPTOMS,DIAGNOSIS,FOLLOW_UP_PLAN) values ('MD005','P005','DR002','CA004','PR0003',to_date('14/12/2026','DD/MM/RRRR'),'Fatigue, nausea, vomiting, confusion, anxiety, chest pain','Hypertension','Refer to Pantai Hospital');
Insert into SHXAOYXN.MEDICAL_RECORD (MEDICAL_RECORD_ID,PATIENT_ID,DOCTOR_ID,CLINIC_ASSISTANT_ID,PRESCRIPTION_ID,DATE_ID,SYMPTOMS,DIAGNOSIS,FOLLOW_UP_PLAN) values ('MD006','P006','DR001','CA002','PR0008',to_date('14/12/2027','DD/MM/RRRR'),'Dry and itchy skin with rashes','Eczema','None');
Insert into SHXAOYXN.MEDICAL_RECORD (MEDICAL_RECORD_ID,PATIENT_ID,DOCTOR_ID,CLINIC_ASSISTANT_ID,PRESCRIPTION_ID,DATE_ID,SYMPTOMS,DIAGNOSIS,FOLLOW_UP_PLAN) values ('MD007','P007','DR001','CA004','PR0001',to_date('14/12/2028','DD/MM/RRRR'),'Increased thirst and a dry mouth, needing to pee frequent
, blurred vision.','Hyperglycemia','None');
Insert into SHXAOYXN.MEDICAL_RECORD (MEDICAL_RECORD_ID,PATIENT_ID,DOCTOR_ID,CLINIC_ASSISTANT_ID,PRESCRIPTION_ID,DATE_ID,SYMPTOMS,DIAGNOSIS,FOLLOW_UP_PLAN) values ('MD008','P008','DR001','CA004','PR0005',to_date('14/12/2029','DD/MM/RRRR'),'Cough, running nose, fever, headache','Common cold','None');
REM INSERTING into SHXAOYXN.MEDICINE_INFO
SET DEFINE OFF;
Insert into SHXAOYXN.MEDICINE_INFO (MEDICINE_ID,MEDICINE_NAME,DOSE_MG_ML,FREQUENCY,BEFORE_AFTER_FOOD,TO_FINISH,TYPE,DESCRIPTION,CATEGORY,QUANTITY) values ('M0001','Tolbutamide',500,2,'Before','Yes','Pills','lowers blood sugar','Antidiabetic Agent',2);
Insert into SHXAOYXN.MEDICINE_INFO (MEDICINE_ID,MEDICINE_NAME,DOSE_MG_ML,FREQUENCY,BEFORE_AFTER_FOOD,TO_FINISH,TYPE,DESCRIPTION,CATEGORY,QUANTITY) values ('M0002','Glimepiride',1,1,'After','Yes','Pills','used to treat high blood sugar levels caused by type 2 diabetes','Biguanides',1);
Insert into SHXAOYXN.MEDICINE_INFO (MEDICINE_ID,MEDICINE_NAME,DOSE_MG_ML,FREQUENCY,BEFORE_AFTER_FOOD,TO_FINISH,TYPE,DESCRIPTION,CATEGORY,QUANTITY) values ('M0003','Repaglinide',1,3,'Before','Yes','Pills','helps your body regulate the amount of glucose (sugar) in your blood','Glinides',1);
Insert into SHXAOYXN.MEDICINE_INFO (MEDICINE_ID,MEDICINE_NAME,DOSE_MG_ML,FREQUENCY,BEFORE_AFTER_FOOD,TO_FINISH,TYPE,DESCRIPTION,CATEGORY,QUANTITY) values ('M0004','Acarbose',25,3,'While','Yes','Pills','slowing the action of certain chemicals that break down food to release glucose (sugar) into your blood','Alpha',1);
Insert into SHXAOYXN.MEDICINE_INFO (MEDICINE_ID,MEDICINE_NAME,DOSE_MG_ML,FREQUENCY,BEFORE_AFTER_FOOD,TO_FINISH,TYPE,DESCRIPTION,CATEGORY,QUANTITY) values ('M0005','Pioglitazone',15,1,'Any','No','Pills','decrease insulin resistance in the body','Thiazolidinediones',1);
Insert into SHXAOYXN.MEDICINE_INFO (MEDICINE_ID,MEDICINE_NAME,DOSE_MG_ML,FREQUENCY,BEFORE_AFTER_FOOD,TO_FINISH,TYPE,DESCRIPTION,CATEGORY,QUANTITY) values ('M0006','Acetaminophen',80,2,'Before','No','Pills','relieve mild to moderate pain from headaches','Paracetamol',2);
Insert into SHXAOYXN.MEDICINE_INFO (MEDICINE_ID,MEDICINE_NAME,DOSE_MG_ML,FREQUENCY,BEFORE_AFTER_FOOD,TO_FINISH,TYPE,DESCRIPTION,CATEGORY,QUANTITY) values ('M0007','Sitagliptin',100,1,'Any','Yes','Pills','stuffy or runny nose, sore throat, headache, upper respiratory infection, rare severe allergic reactions','Antidiabetic Agent',1);
Insert into SHXAOYXN.MEDICINE_INFO (MEDICINE_ID,MEDICINE_NAME,DOSE_MG_ML,FREQUENCY,BEFORE_AFTER_FOOD,TO_FINISH,TYPE,DESCRIPTION,CATEGORY,QUANTITY) values ('M0008','Steroid Creams',250,2,'Any','Yes','Cream','reduce inflammation and irritation.','Clobetasone',1);
REM INSERTING into SHXAOYXN.PATIENT
SET DEFINE OFF;
Insert into SHXAOYXN.PATIENT (PATIENT_ID,PERSONAL_INFO_ID,MEDICAL_RECORD_ID,WEIGHT,HEIGHT,BLOOD_GROUP,COMPANY_NAME,DATE_VISIT,LAST_VISIT,ALLERGIES,DRUG_HISTORY) values ('P001','PI005','MD001',47.5,165.5,'O+','Vitrox',to_date('14/12/2022','DD/MM/RRRR'),to_date('03/03/2022','DD/MM/RRRR'),'None','None');
Insert into SHXAOYXN.PATIENT (PATIENT_ID,PERSONAL_INFO_ID,MEDICAL_RECORD_ID,WEIGHT,HEIGHT,BLOOD_GROUP,COMPANY_NAME,DATE_VISIT,LAST_VISIT,ALLERGIES,DRUG_HISTORY) values ('P002','PI006','MD002',58.9,170,'A+','Marsh Takaful',to_date('14/12/2022','DD/MM/RRRR'),to_date('10/03/2022','DD/MM/RRRR'),'Seafood','None');
Insert into SHXAOYXN.PATIENT (PATIENT_ID,PERSONAL_INFO_ID,MEDICAL_RECORD_ID,WEIGHT,HEIGHT,BLOOD_GROUP,COMPANY_NAME,DATE_VISIT,LAST_VISIT,ALLERGIES,DRUG_HISTORY) values ('P003','PI008','MD003',78.3,163,'B+','-',to_date('14/12/2022','DD/MM/RRRR'),to_date('05/05/2022','DD/MM/RRRR'),'None','None');
Insert into SHXAOYXN.PATIENT (PATIENT_ID,PERSONAL_INFO_ID,MEDICAL_RECORD_ID,WEIGHT,HEIGHT,BLOOD_GROUP,COMPANY_NAME,DATE_VISIT,LAST_VISIT,ALLERGIES,DRUG_HISTORY) values ('P004','PI010','MD004',56.92,175,'AB+','Top Gloves',to_date('14/12/2022','DD/MM/RRRR'),to_date('02/04/2022','DD/MM/RRRR'),'None','None');
Insert into SHXAOYXN.PATIENT (PATIENT_ID,PERSONAL_INFO_ID,MEDICAL_RECORD_ID,WEIGHT,HEIGHT,BLOOD_GROUP,COMPANY_NAME,DATE_VISIT,LAST_VISIT,ALLERGIES,DRUG_HISTORY) values ('P005','PI012','MD005',46.2,160,'O+','-',to_date('14/12/2022','DD/MM/RRRR'),to_date('22/04/2022','DD/MM/RRRR'),'None','None');
Insert into SHXAOYXN.PATIENT (PATIENT_ID,PERSONAL_INFO_ID,MEDICAL_RECORD_ID,WEIGHT,HEIGHT,BLOOD_GROUP,COMPANY_NAME,DATE_VISIT,LAST_VISIT,ALLERGIES,DRUG_HISTORY) values ('P006','PI013','MD006',55.3,158.5,'AB+','EY ',to_date('14/12/2022','DD/MM/RRRR'),to_date('11/06/2022','DD/MM/RRRR'),'Diary products ','None');
Insert into SHXAOYXN.PATIENT (PATIENT_ID,PERSONAL_INFO_ID,MEDICAL_RECORD_ID,WEIGHT,HEIGHT,BLOOD_GROUP,COMPANY_NAME,DATE_VISIT,LAST_VISIT,ALLERGIES,DRUG_HISTORY) values ('P007','PI015','MD007',45.5,168,'O+','-',to_date('14/12/2022','DD/MM/RRRR'),to_date('03/06/2022','DD/MM/RRRR'),'None','None');
Insert into SHXAOYXN.PATIENT (PATIENT_ID,PERSONAL_INFO_ID,MEDICAL_RECORD_ID,WEIGHT,HEIGHT,BLOOD_GROUP,COMPANY_NAME,DATE_VISIT,LAST_VISIT,ALLERGIES,DRUG_HISTORY) values ('P008','PI016','MD008',67.8,171.5,'O+','GamudaLand',to_date('14/12/2022','DD/MM/RRRR'),to_date('17/11/2022','DD/MM/RRRR'),'None','None');
REM INSERTING into SHXAOYXN.PAYMENT
SET DEFINE OFF;
Insert into SHXAOYXN.PAYMENT (PAYMENT_ID,PATIENT_ID,RECEIPT_ID) values ('PM001','P004','RC001');
Insert into SHXAOYXN.PAYMENT (PAYMENT_ID,PATIENT_ID,RECEIPT_ID) values ('PM002','P007','RC002');
Insert into SHXAOYXN.PAYMENT (PAYMENT_ID,PATIENT_ID,RECEIPT_ID) values ('PM003','P006','RC003');
Insert into SHXAOYXN.PAYMENT (PAYMENT_ID,PATIENT_ID,RECEIPT_ID) values ('PM004','P008','RC004');
Insert into SHXAOYXN.PAYMENT (PAYMENT_ID,PATIENT_ID,RECEIPT_ID) values ('PM005','P005','RC005');
Insert into SHXAOYXN.PAYMENT (PAYMENT_ID,PATIENT_ID,RECEIPT_ID) values ('PM006','P003','RC006');
Insert into SHXAOYXN.PAYMENT (PAYMENT_ID,PATIENT_ID,RECEIPT_ID) values ('PM007','P002','RC007');
Insert into SHXAOYXN.PAYMENT (PAYMENT_ID,PATIENT_ID,RECEIPT_ID) values ('PM008','P001','RC008');
REM INSERTING into SHXAOYXN.PERSONAL_INFO
SET DEFINE OFF;
Insert into SHXAOYXN.PERSONAL_INFO (PERSONAL_INFO_ID,NAME,PHONE_NUMBER,EMAIL,IC_NO,RELIGION,GENDER,AGE,RACE,NATIONALITY,OCCUPATION,NO_OF_CHILDREN,MARITAL_STATUS,ADDRESS) values ('PI016','Ali Ahsan','+6016-6678767','aliahsan@gmail.com','960831-10-2361','Islam','Male',27,'Malay','Malaysian','Property Agent',1,'Married','56, Jalan Tangga 5, Taman Tangga Batu, 76400 Tanjung Kling, Melaka, Malaysia');
Insert into SHXAOYXN.PERSONAL_INFO (PERSONAL_INFO_ID,NAME,PHONE_NUMBER,EMAIL,IC_NO,RELIGION,GENDER,AGE,RACE,NATIONALITY,OCCUPATION,NO_OF_CHILDREN,MARITAL_STATUS,ADDRESS) values ('PI001','Charles Jeremiah','+6012-5467812','charles3452@gmail.com','690213-04-2341','Hinduism','Male',54,'Indian','Malaysian','Doctor',0,'Single','26,Jalan Bahagia 9, Seksyen 26, Petaling Jaya, Selangor');
Insert into SHXAOYXN.PERSONAL_INFO (PERSONAL_INFO_ID,NAME,PHONE_NUMBER,EMAIL,IC_NO,RELIGION,GENDER,AGE,RACE,NATIONALITY,OCCUPATION,NO_OF_CHILDREN,MARITAL_STATUS,ADDRESS) values ('PI003','Tessa','+6019-1623748','tessa8976@gmail.com','880123-14-4010','Hinduism','Female',35,'Indian','Malaysian','Clinic Assistant',1,'Married','35, Jalan Jati 9, Taman Seri Jati, 75350 Melaka, Malaysia');
Insert into SHXAOYXN.PERSONAL_INFO (PERSONAL_INFO_ID,NAME,PHONE_NUMBER,EMAIL,IC_NO,RELIGION,GENDER,AGE,RACE,NATIONALITY,OCCUPATION,NO_OF_CHILDREN,MARITAL_STATUS,ADDRESS) values ('PI004','Lim Yeet Thong','+6013-3332541','yeettheng@gmail.com','670412-02-1450','Christian','Female',59,'Chinese','Malaysian','Doctor',2,'Married','3, Jalan Jati, Taman Seri Jati, 75350 Melaka, Malaysia');
Insert into SHXAOYXN.PERSONAL_INFO (PERSONAL_INFO_ID,NAME,PHONE_NUMBER,EMAIL,IC_NO,RELIGION,GENDER,AGE,RACE,NATIONALITY,OCCUPATION,NO_OF_CHILDREN,MARITAL_STATUS,ADDRESS) values ('PI005','Lai Yee En','+6016-2638123','laiiii02@gmail.com','991111-08-2342','Buddhism','Female',24,'Chinese','Malaysian','Software Engineer',0,'Single','2, Jalan Tangga 2, Taman Tangga Batu, 76400 Tanjung Kling, Melaka, Malaysia');
Insert into SHXAOYXN.PERSONAL_INFO (PERSONAL_INFO_ID,NAME,PHONE_NUMBER,EMAIL,IC_NO,RELIGION,GENDER,AGE,RACE,NATIONALITY,OCCUPATION,NO_OF_CHILDREN,MARITAL_STATUS,ADDRESS) values ('PI006','Muhammad Aidil Bin Nor Fadzli','+6018-4536271','Muhammad89203@gmail.com','730719-06-5471','Islam','Male',50,'Malay','Malaysian','Insurance Broker',4,'Married','72, Jalan Tjk 3, Taman Jaya, 78000 Alor Gajah, Melaka, Malaysia');
Insert into SHXAOYXN.PERSONAL_INFO (PERSONAL_INFO_ID,NAME,PHONE_NUMBER,EMAIL,IC_NO,RELIGION,GENDER,AGE,RACE,NATIONALITY,OCCUPATION,NO_OF_CHILDREN,MARITAL_STATUS,ADDRESS) values ('PI007','Siti Aisyah Binti Muhammad Sariff','+6019-3647823','sitiaisyah@hotmail.com','931230-05-5620','Islam','Female',30,'Malay','Malaysian','Clinic Assistant',1,'Married','163, Jalan Bk6, Bandar Kinrara, 47180 Puchong, Selangor ');
Insert into SHXAOYXN.PERSONAL_INFO (PERSONAL_INFO_ID,NAME,PHONE_NUMBER,EMAIL,IC_NO,RELIGION,GENDER,AGE,RACE,NATIONALITY,OCCUPATION,NO_OF_CHILDREN,MARITAL_STATUS,ADDRESS) values ('PI008','Wong Boon Hong','+6012-5643215','wongboon@gmail.com','T0512345B','Buddhism','Male',18,'Chinese','Singaporean','Not Working',0,'Single','No 187, Jalan Ampang, 50450, Kuala Lumpur, Malaysia');
Insert into SHXAOYXN.PERSONAL_INFO (PERSONAL_INFO_ID,NAME,PHONE_NUMBER,EMAIL,IC_NO,RELIGION,GENDER,AGE,RACE,NATIONALITY,OCCUPATION,NO_OF_CHILDREN,MARITAL_STATUS,ADDRESS) values ('PI009','Teh Theng Theng','+6012-6573841','ttt888@gmail.com','850706-14-2310','Christian','Female',38,'Chinese','Malaysian','Clinic Assistant',3,'Married','11, Jalan Sutera Belia 1, Kampung Sungai Putat, 75350 Melaka, Malaysia');
Insert into SHXAOYXN.PERSONAL_INFO (PERSONAL_INFO_ID,NAME,PHONE_NUMBER,EMAIL,IC_NO,RELIGION,GENDER,AGE,RACE,NATIONALITY,OCCUPATION,NO_OF_CHILDREN,MARITAL_STATUS,ADDRESS) values ('PI010','Ahmad bin Muhammad','+60123344221','ahmaddd@gmail.com','760203-04-2631','Islam','Male',47,'Malay','Malaysian','Mechanical Engineer',4,'Married','18-2, Lorong 1 Jalan Desa Molek 14, Taman Demang, 75460 Melaka, Malaysia');
Insert into SHXAOYXN.PERSONAL_INFO (PERSONAL_INFO_ID,NAME,PHONE_NUMBER,EMAIL,IC_NO,RELIGION,GENDER,AGE,RACE,NATIONALITY,OCCUPATION,NO_OF_CHILDREN,MARITAL_STATUS,ADDRESS) values ('PI011','Law Chee Keong','+6016-6768543','lcklck@gmail.com','650627-03-5671','Buddhism','Male',58,'Chinese','Malaysian','Doctor',1,'Married','2662, Lorong Ghaffar Baba 2, Kampung Gaffar Baba, 76400 Tanjung Kling, Melaka, Malaysia');
Insert into SHXAOYXN.PERSONAL_INFO (PERSONAL_INFO_ID,NAME,PHONE_NUMBER,EMAIL,IC_NO,RELIGION,GENDER,AGE,RACE,NATIONALITY,OCCUPATION,NO_OF_CHILDREN,MARITAL_STATUS,ADDRESS) values ('PI012','Muthu ','+6018-5687209','muthu@gmail.com','060517-98-5803','Hinduism','Male',17,'Indian','Malaysian','Not Working',0,'Single','9425, Jalan Tjk 7, Taman Jaya, 78000 Alor Gajah, Melaka, Malaysia');
Insert into SHXAOYXN.PERSONAL_INFO (PERSONAL_INFO_ID,NAME,PHONE_NUMBER,EMAIL,IC_NO,RELIGION,GENDER,AGE,RACE,NATIONALITY,OCCUPATION,NO_OF_CHILDREN,MARITAL_STATUS,ADDRESS) values ('PI013','Lim Qiao Xin','+6013-9674912','qiaoxin@gmail.com','980412-02-1450','Buddhism','Female',25,'Chinese','Malaysian','Accountant',0,'Single','7625, Jalan Siantan, Taman Seri Kelemak, 78000 Alor Gajah, Melaka, Malaysia');
Insert into SHXAOYXN.PERSONAL_INFO (PERSONAL_INFO_ID,NAME,PHONE_NUMBER,EMAIL,IC_NO,RELIGION,GENDER,AGE,RACE,NATIONALITY,OCCUPATION,NO_OF_CHILDREN,MARITAL_STATUS,ADDRESS) values ('PI014','Theresa Chin','+6014-6781092','chintheresa@gmail.com','710329-05-0612','Buddhism','Female',52,'Chinese','Malaysian','Clinic Assistant',2,'Married','35, Jalan Tangga 5, Taman Tangga Batu, 76400 Tanjung Kling, Melaka, Malaysia');
Insert into SHXAOYXN.PERSONAL_INFO (PERSONAL_INFO_ID,NAME,PHONE_NUMBER,EMAIL,IC_NO,RELIGION,GENDER,AGE,RACE,NATIONALITY,OCCUPATION,NO_OF_CHILDREN,MARITAL_STATUS,ADDRESS) values ('PI015','Lily Ng','+6012-5623748','lily8976@gmail.com','030123-14-4010','Christian','Female',20,'Chinese','Malaysian','Not Working',0,'Single','17 Jalan Taman Melawati, Petaling Jaya, Selangor');
Insert into SHXAOYXN.PERSONAL_INFO (PERSONAL_INFO_ID,NAME,PHONE_NUMBER,EMAIL,IC_NO,RELIGION,GENDER,AGE,RACE,NATIONALITY,OCCUPATION,NO_OF_CHILDREN,MARITAL_STATUS,ADDRESS) values ('PI002','Sarah Sim Wei En','+6018-6784532','sarahs@gmail.com','800907-08-7654','Christian','Female',43,'Chinese','Malaysian','Clinic Assistant',2,'Married','11, Jalan Seri Wangsa 7, Kampung Tengah, 75350 Melaka, Malaysia');
REM INSERTING into SHXAOYXN.PRESCRIPTION
SET DEFINE OFF;
Insert into SHXAOYXN.PRESCRIPTION (PRESCRIPTION_ID,TREATMENT_ID,DESCRIPTION) values ('PR0001','T002','Tolbutamide 500mg, 2 pills every take, twice per day for 7 days, before food, have to finish');
Insert into SHXAOYXN.PRESCRIPTION (PRESCRIPTION_ID,TREATMENT_ID,DESCRIPTION) values ('PR0002','T003','Repaglinide, 3 times per day, 1 pill per take, before meal, have to finish for 14 days');
Insert into SHXAOYXN.PRESCRIPTION (PRESCRIPTION_ID,TREATMENT_ID,DESCRIPTION) values ('PR0003','T001','Glimepiride one pill per day for 21 days, have to finish ');
Insert into SHXAOYXN.PRESCRIPTION (PRESCRIPTION_ID,TREATMENT_ID,DESCRIPTION) values ('PR0004','T006','Acetaminophen 80mg, twice per day before meal, 2 pills per take, stop when headache released');
Insert into SHXAOYXN.PRESCRIPTION (PRESCRIPTION_ID,TREATMENT_ID,DESCRIPTION) values ('PR0005','T006','Acetaminophen 80mg, twice per day before meal, 2 pills per take, stop when fever goes down; Sitagliptin 100mg, one pill per day, have to finish');
Insert into SHXAOYXN.PRESCRIPTION (PRESCRIPTION_ID,TREATMENT_ID,DESCRIPTION) values ('PR0006','T006','Acetaminophen 80mg, twice per day before meal, 2 pills per take, stop when fever goes down; Sitagliptin 100mg, one pill per day, have to finish');
Insert into SHXAOYXN.PRESCRIPTION (PRESCRIPTION_ID,TREATMENT_ID,DESCRIPTION) values ('PR0007','T006','Acetaminophen 80mg, twice per day before meal, 2 pills per take, stop when fever goes down');
Insert into SHXAOYXN.PRESCRIPTION (PRESCRIPTION_ID,TREATMENT_ID,DESCRIPTION) values ('PR0008','T008','Steroid Creams, put on inflammation area, stop when recovered');
REM INSERTING into SHXAOYXN.PRESCRIPTION_MEDICINE
SET DEFINE OFF;
Insert into SHXAOYXN.PRESCRIPTION_MEDICINE (PRESCRIPTION_ID,MEDICINE_ID) values ('PR0001','M0001');
Insert into SHXAOYXN.PRESCRIPTION_MEDICINE (PRESCRIPTION_ID,MEDICINE_ID) values ('PR0003','M0002');
Insert into SHXAOYXN.PRESCRIPTION_MEDICINE (PRESCRIPTION_ID,MEDICINE_ID) values ('PR0002','M0003');
Insert into SHXAOYXN.PRESCRIPTION_MEDICINE (PRESCRIPTION_ID,MEDICINE_ID) values ('PR0004','M0006');
Insert into SHXAOYXN.PRESCRIPTION_MEDICINE (PRESCRIPTION_ID,MEDICINE_ID) values ('PR0005','M0006');
Insert into SHXAOYXN.PRESCRIPTION_MEDICINE (PRESCRIPTION_ID,MEDICINE_ID) values ('PR0006','M0006');
Insert into SHXAOYXN.PRESCRIPTION_MEDICINE (PRESCRIPTION_ID,MEDICINE_ID) values ('PR0007','M0006');
Insert into SHXAOYXN.PRESCRIPTION_MEDICINE (PRESCRIPTION_ID,MEDICINE_ID) values ('PR0005','M0007');
Insert into SHXAOYXN.PRESCRIPTION_MEDICINE (PRESCRIPTION_ID,MEDICINE_ID) values ('PR0008','M0008');
REM INSERTING into SHXAOYXN.RECEIPT
SET DEFINE OFF;
Insert into SHXAOYXN.RECEIPT (RECEIPT_ID,PAYMENT_TYPE,PAYMENT_ITEM,PAYMENT_AMOUNT,PAYMENT_DATE) values ('RC001','Card','Consultation fees, Medicine fees',60,to_date('14/12/2022','DD/MM/RRRR'));
Insert into SHXAOYXN.RECEIPT (RECEIPT_ID,PAYMENT_TYPE,PAYMENT_ITEM,PAYMENT_AMOUNT,PAYMENT_DATE) values ('RC002','Cash','Consultation fees, Medicine fees',60,to_date('14/12/2022','DD/MM/RRRR'));
Insert into SHXAOYXN.RECEIPT (RECEIPT_ID,PAYMENT_TYPE,PAYMENT_ITEM,PAYMENT_AMOUNT,PAYMENT_DATE) values ('RC003','Card','Consultation fees, Medicine fees',75,to_date('14/12/2022','DD/MM/RRRR'));
Insert into SHXAOYXN.RECEIPT (RECEIPT_ID,PAYMENT_TYPE,PAYMENT_ITEM,PAYMENT_AMOUNT,PAYMENT_DATE) values ('RC004','Card','Consultation fees, Medicine fees',64,to_date('14/12/2022','DD/MM/RRRR'));
Insert into SHXAOYXN.RECEIPT (RECEIPT_ID,PAYMENT_TYPE,PAYMENT_ITEM,PAYMENT_AMOUNT,PAYMENT_DATE) values ('RC005','Cash','Consultation fees, Medicine fees',80,to_date('14/12/2022','DD/MM/RRRR'));
Insert into SHXAOYXN.RECEIPT (RECEIPT_ID,PAYMENT_TYPE,PAYMENT_ITEM,PAYMENT_AMOUNT,PAYMENT_DATE) values ('RC006','Card','Consultation fees, Medicine fees',60,to_date('14/12/2022','DD/MM/RRRR'));
Insert into SHXAOYXN.RECEIPT (RECEIPT_ID,PAYMENT_TYPE,PAYMENT_ITEM,PAYMENT_AMOUNT,PAYMENT_DATE) values ('RC007','Cash','Consultation fees, Medicine fees',60,to_date('14/12/2022','DD/MM/RRRR'));
Insert into SHXAOYXN.RECEIPT (RECEIPT_ID,PAYMENT_TYPE,PAYMENT_ITEM,PAYMENT_AMOUNT,PAYMENT_DATE) values ('RC008','Card','Consultation fees, Medicine fees',80,to_date('14/12/2022','DD/MM/RRRR'));
REM INSERTING into SHXAOYXN.REGISTRATION
SET DEFINE OFF;
Insert into SHXAOYXN.REGISTRATION (PATIENT_ID,CLINIC_ASSISTANT_ID,REGISTRATION_DATE) values ('P001','CA001',to_date('04/01/2022','DD/MM/RRRR'));
Insert into SHXAOYXN.REGISTRATION (PATIENT_ID,CLINIC_ASSISTANT_ID,REGISTRATION_DATE) values ('P002','CA001',to_date('18/01/2022','DD/MM/RRRR'));
Insert into SHXAOYXN.REGISTRATION (PATIENT_ID,CLINIC_ASSISTANT_ID,REGISTRATION_DATE) values ('P003','CA001',to_date('10/02/2022','DD/MM/RRRR'));
Insert into SHXAOYXN.REGISTRATION (PATIENT_ID,CLINIC_ASSISTANT_ID,REGISTRATION_DATE) values ('P004','CA001',to_date('21/02/2022','DD/MM/RRRR'));
Insert into SHXAOYXN.REGISTRATION (PATIENT_ID,CLINIC_ASSISTANT_ID,REGISTRATION_DATE) values ('P005','CA001',to_date('03/03/2022','DD/MM/RRRR'));
Insert into SHXAOYXN.REGISTRATION (PATIENT_ID,CLINIC_ASSISTANT_ID,REGISTRATION_DATE) values ('P006','CA005',to_date('07/04/2022','DD/MM/RRRR'));
Insert into SHXAOYXN.REGISTRATION (PATIENT_ID,CLINIC_ASSISTANT_ID,REGISTRATION_DATE) values ('P007','CA005',to_date('03/06/2022','DD/MM/RRRR'));
Insert into SHXAOYXN.REGISTRATION (PATIENT_ID,CLINIC_ASSISTANT_ID,REGISTRATION_DATE) values ('P008','CA005',to_date('17/11/2022','DD/MM/RRRR'));
REM INSERTING into SHXAOYXN.TREATMENT
SET DEFINE OFF;
Insert into SHXAOYXN.TREATMENT (TREATMENT_ID,MEDICINE_ID,TREATMENT_NAME,MEDICATION_PERIOD_DAY) values ('T001','M0002','Antihyperglycemia',21);
Insert into SHXAOYXN.TREATMENT (TREATMENT_ID,MEDICINE_ID,TREATMENT_NAME,MEDICATION_PERIOD_DAY) values ('T002','M0001','Hyperglycaemia treatment',7);
Insert into SHXAOYXN.TREATMENT (TREATMENT_ID,MEDICINE_ID,TREATMENT_NAME,MEDICATION_PERIOD_DAY) values ('T003','M0003','Regulate glucose ',14);
Insert into SHXAOYXN.TREATMENT (TREATMENT_ID,MEDICINE_ID,TREATMENT_NAME,MEDICATION_PERIOD_DAY) values ('T004','M0004','Lower blood sugar',14);
Insert into SHXAOYXN.TREATMENT (TREATMENT_ID,MEDICINE_ID,TREATMENT_NAME,MEDICATION_PERIOD_DAY) values ('T005','M0005','Type 2 diabetes treatment',14);
Insert into SHXAOYXN.TREATMENT (TREATMENT_ID,MEDICINE_ID,TREATMENT_NAME,MEDICATION_PERIOD_DAY) values ('T006','M0006','Cold or flu treatment',3);
Insert into SHXAOYXN.TREATMENT (TREATMENT_ID,MEDICINE_ID,TREATMENT_NAME,MEDICATION_PERIOD_DAY) values ('T007','M0007','Infection treatment',7);
Insert into SHXAOYXN.TREATMENT (TREATMENT_ID,MEDICINE_ID,TREATMENT_NAME,MEDICATION_PERIOD_DAY) values ('T008','M0008','Inflammation and irritation treatment',7);
REM INSERTING into SHXAOYXN.VACCINATION
SET DEFINE OFF;
Insert into SHXAOYXN.VACCINATION (VACINATION_ID,PATIENT_ID,VACCINATION_TYPE,VACCINATION_NAME,VACCINATION_PERIOD_MONTH) values ('V001','P002','mRNA','Pfizer',3);
Insert into SHXAOYXN.VACCINATION (VACINATION_ID,PATIENT_ID,VACCINATION_TYPE,VACCINATION_NAME,VACCINATION_PERIOD_MONTH) values ('V002','P003','Inactivated','Sinovac',3);
Insert into SHXAOYXN.VACCINATION (VACINATION_ID,PATIENT_ID,VACCINATION_TYPE,VACCINATION_NAME,VACCINATION_PERIOD_MONTH) values ('V003','P001','mRNA','Pfizer',3);
Insert into SHXAOYXN.VACCINATION (VACINATION_ID,PATIENT_ID,VACCINATION_TYPE,VACCINATION_NAME,VACCINATION_PERIOD_MONTH) values ('V004','P004','Inactivated','Sinovac',3);
Insert into SHXAOYXN.VACCINATION (VACINATION_ID,PATIENT_ID,VACCINATION_TYPE,VACCINATION_NAME,VACCINATION_PERIOD_MONTH) values ('V005','P005','Viral vector','AstraZeneca',3);
Insert into SHXAOYXN.VACCINATION (VACINATION_ID,PATIENT_ID,VACCINATION_TYPE,VACCINATION_NAME,VACCINATION_PERIOD_MONTH) values ('V006','P007','Viral vector','AstraZeneca',3);
Insert into SHXAOYXN.VACCINATION (VACINATION_ID,PATIENT_ID,VACCINATION_TYPE,VACCINATION_NAME,VACCINATION_PERIOD_MONTH) values ('V007','P008','Viral vector','AstraZeneca',3);
Insert into SHXAOYXN.VACCINATION (VACINATION_ID,PATIENT_ID,VACCINATION_TYPE,VACCINATION_NAME,VACCINATION_PERIOD_MONTH) values ('V008','P006','mRNA','Pfizer',3);
--------------------------------------------------------
--  DDL for Index ADMIN_PK
--------------------------------------------------------

  CREATE UNIQUE INDEX "SHXAOYXN"."ADMIN_PK" ON "SHXAOYXN"."ADMIN" ("ADMIN_ID") 
  PCTFREE 10 INITRANS 2 MAXTRANS 255 COMPUTE STATISTICS 
  STORAGE(INITIAL 65536 NEXT 1048576 MINEXTENTS 1 MAXEXTENTS 2147483645
  PCTINCREASE 0 FREELISTS 1 FREELIST GROUPS 1 BUFFER_POOL DEFAULT FLASH_CACHE DEFAULT CELL_FLASH_CACHE DEFAULT)
  TABLESPACE "USERS" ;
--------------------------------------------------------
--  DDL for Index APPOINTMENT_PK
--------------------------------------------------------

  CREATE UNIQUE INDEX "SHXAOYXN"."APPOINTMENT_PK" ON "SHXAOYXN"."APPOINTMENT" ("APPOINTMENT_ID") 
  PCTFREE 10 INITRANS 2 MAXTRANS 255 COMPUTE STATISTICS 
  STORAGE(INITIAL 65536 NEXT 1048576 MINEXTENTS 1 MAXEXTENTS 2147483645
  PCTINCREASE 0 FREELISTS 1 FREELIST GROUPS 1 BUFFER_POOL DEFAULT FLASH_CACHE DEFAULT CELL_FLASH_CACHE DEFAULT)
  TABLESPACE "USERS" ;
--------------------------------------------------------
--  DDL for Index CLINIC_ASSISTANT_PK
--------------------------------------------------------

  CREATE UNIQUE INDEX "SHXAOYXN"."CLINIC_ASSISTANT_PK" ON "SHXAOYXN"."CLINIC_ASSISTANT" ("CLINIC_ASSISTANT_ID") 
  PCTFREE 10 INITRANS 2 MAXTRANS 255 COMPUTE STATISTICS 
  STORAGE(INITIAL 65536 NEXT 1048576 MINEXTENTS 1 MAXEXTENTS 2147483645
  PCTINCREASE 0 FREELISTS 1 FREELIST GROUPS 1 BUFFER_POOL DEFAULT FLASH_CACHE DEFAULT CELL_FLASH_CACHE DEFAULT)
  TABLESPACE "USERS" ;
--------------------------------------------------------
--  DDL for Index DISEASE_PK
--------------------------------------------------------

  CREATE UNIQUE INDEX "SHXAOYXN"."DISEASE_PK" ON "SHXAOYXN"."DISEASE" ("DISEASE_ID") 
  PCTFREE 10 INITRANS 2 MAXTRANS 255 COMPUTE STATISTICS 
  STORAGE(INITIAL 65536 NEXT 1048576 MINEXTENTS 1 MAXEXTENTS 2147483645
  PCTINCREASE 0 FREELISTS 1 FREELIST GROUPS 1 BUFFER_POOL DEFAULT FLASH_CACHE DEFAULT CELL_FLASH_CACHE DEFAULT)
  TABLESPACE "USERS" ;
--------------------------------------------------------
--  DDL for Index DB_DOCTOR_PK
--------------------------------------------------------

  CREATE UNIQUE INDEX "SHXAOYXN"."DB_DOCTOR_PK" ON "SHXAOYXN"."DOCTOR" ("DOCTOR_ID") 
  PCTFREE 10 INITRANS 2 MAXTRANS 255 COMPUTE STATISTICS 
  STORAGE(INITIAL 65536 NEXT 1048576 MINEXTENTS 1 MAXEXTENTS 2147483645
  PCTINCREASE 0 FREELISTS 1 FREELIST GROUPS 1 BUFFER_POOL DEFAULT FLASH_CACHE DEFAULT CELL_FLASH_CACHE DEFAULT)
  TABLESPACE "USERS" ;
--------------------------------------------------------
--  DDL for Index INSURANCE_PK
--------------------------------------------------------

  CREATE UNIQUE INDEX "SHXAOYXN"."INSURANCE_PK" ON "SHXAOYXN"."INSURANCE" ("INSURANCE_ID") 
  PCTFREE 10 INITRANS 2 MAXTRANS 255 COMPUTE STATISTICS 
  STORAGE(INITIAL 65536 NEXT 1048576 MINEXTENTS 1 MAXEXTENTS 2147483645
  PCTINCREASE 0 FREELISTS 1 FREELIST GROUPS 1 BUFFER_POOL DEFAULT FLASH_CACHE DEFAULT CELL_FLASH_CACHE DEFAULT)
  TABLESPACE "USERS" ;
--------------------------------------------------------
--  DDL for Index INVENTORY_RECORD_PK
--------------------------------------------------------

  CREATE UNIQUE INDEX "SHXAOYXN"."INVENTORY_RECORD_PK" ON "SHXAOYXN"."INVENTORY_RECORD" ("INVENTORY_RECORD_ID") 
  PCTFREE 10 INITRANS 2 MAXTRANS 255 COMPUTE STATISTICS 
  STORAGE(INITIAL 65536 NEXT 1048576 MINEXTENTS 1 MAXEXTENTS 2147483645
  PCTINCREASE 0 FREELISTS 1 FREELIST GROUPS 1 BUFFER_POOL DEFAULT FLASH_CACHE DEFAULT CELL_FLASH_CACHE DEFAULT)
  TABLESPACE "USERS" ;
--------------------------------------------------------
--  DDL for Index MEDICAL_RECORD_PK
--------------------------------------------------------

  CREATE UNIQUE INDEX "SHXAOYXN"."MEDICAL_RECORD_PK" ON "SHXAOYXN"."MEDICAL_RECORD" ("MEDICAL_RECORD_ID") 
  PCTFREE 10 INITRANS 2 MAXTRANS 255 COMPUTE STATISTICS 
  STORAGE(INITIAL 65536 NEXT 1048576 MINEXTENTS 1 MAXEXTENTS 2147483645
  PCTINCREASE 0 FREELISTS 1 FREELIST GROUPS 1 BUFFER_POOL DEFAULT FLASH_CACHE DEFAULT CELL_FLASH_CACHE DEFAULT)
  TABLESPACE "USERS" ;
--------------------------------------------------------
--  DDL for Index MEDICINE_INFO_PK
--------------------------------------------------------

  CREATE UNIQUE INDEX "SHXAOYXN"."MEDICINE_INFO_PK" ON "SHXAOYXN"."MEDICINE_INFO" ("MEDICINE_ID") 
  PCTFREE 10 INITRANS 2 MAXTRANS 255 COMPUTE STATISTICS 
  STORAGE(INITIAL 65536 NEXT 1048576 MINEXTENTS 1 MAXEXTENTS 2147483645
  PCTINCREASE 0 FREELISTS 1 FREELIST GROUPS 1 BUFFER_POOL DEFAULT FLASH_CACHE DEFAULT CELL_FLASH_CACHE DEFAULT)
  TABLESPACE "USERS" ;
--------------------------------------------------------
--  DDL for Index PATIENT_PK
--------------------------------------------------------

  CREATE UNIQUE INDEX "SHXAOYXN"."PATIENT_PK" ON "SHXAOYXN"."PATIENT" ("PATIENT_ID") 
  PCTFREE 10 INITRANS 2 MAXTRANS 255 COMPUTE STATISTICS 
  STORAGE(INITIAL 65536 NEXT 1048576 MINEXTENTS 1 MAXEXTENTS 2147483645
  PCTINCREASE 0 FREELISTS 1 FREELIST GROUPS 1 BUFFER_POOL DEFAULT FLASH_CACHE DEFAULT CELL_FLASH_CACHE DEFAULT)
  TABLESPACE "USERS" ;
--------------------------------------------------------
--  DDL for Index PAYMENT_PK
--------------------------------------------------------

  CREATE UNIQUE INDEX "SHXAOYXN"."PAYMENT_PK" ON "SHXAOYXN"."PAYMENT" ("PAYMENT_ID") 
  PCTFREE 10 INITRANS 2 MAXTRANS 255 COMPUTE STATISTICS 
  STORAGE(INITIAL 65536 NEXT 1048576 MINEXTENTS 1 MAXEXTENTS 2147483645
  PCTINCREASE 0 FREELISTS 1 FREELIST GROUPS 1 BUFFER_POOL DEFAULT FLASH_CACHE DEFAULT CELL_FLASH_CACHE DEFAULT)
  TABLESPACE "USERS" ;
--------------------------------------------------------
--  DDL for Index PERSONAL_INFO_PK
--------------------------------------------------------

  CREATE UNIQUE INDEX "SHXAOYXN"."PERSONAL_INFO_PK" ON "SHXAOYXN"."PERSONAL_INFO" ("PERSONAL_INFO_ID") 
  PCTFREE 10 INITRANS 2 MAXTRANS 255 COMPUTE STATISTICS 
  STORAGE(INITIAL 65536 NEXT 1048576 MINEXTENTS 1 MAXEXTENTS 2147483645
  PCTINCREASE 0 FREELISTS 1 FREELIST GROUPS 1 BUFFER_POOL DEFAULT FLASH_CACHE DEFAULT CELL_FLASH_CACHE DEFAULT)
  TABLESPACE "USERS" ;
--------------------------------------------------------
--  DDL for Index PRESCRIPTION_PK
--------------------------------------------------------

  CREATE UNIQUE INDEX "SHXAOYXN"."PRESCRIPTION_PK" ON "SHXAOYXN"."PRESCRIPTION" ("PRESCRIPTION_ID") 
  PCTFREE 10 INITRANS 2 MAXTRANS 255 COMPUTE STATISTICS 
  STORAGE(INITIAL 65536 NEXT 1048576 MINEXTENTS 1 MAXEXTENTS 2147483645
  PCTINCREASE 0 FREELISTS 1 FREELIST GROUPS 1 BUFFER_POOL DEFAULT FLASH_CACHE DEFAULT CELL_FLASH_CACHE DEFAULT)
  TABLESPACE "USERS" ;
--------------------------------------------------------
--  DDL for Index PRESCRIPTION_MEDICINE_PK
--------------------------------------------------------

  CREATE UNIQUE INDEX "SHXAOYXN"."PRESCRIPTION_MEDICINE_PK" ON "SHXAOYXN"."PRESCRIPTION_MEDICINE" ("MEDICINE_ID", "PRESCRIPTION_ID") 
  PCTFREE 10 INITRANS 2 MAXTRANS 255 COMPUTE STATISTICS 
  STORAGE(INITIAL 65536 NEXT 1048576 MINEXTENTS 1 MAXEXTENTS 2147483645
  PCTINCREASE 0 FREELISTS 1 FREELIST GROUPS 1 BUFFER_POOL DEFAULT FLASH_CACHE DEFAULT CELL_FLASH_CACHE DEFAULT)
  TABLESPACE "USERS" ;
--------------------------------------------------------
--  DDL for Index RECEIPT_PK
--------------------------------------------------------

  CREATE UNIQUE INDEX "SHXAOYXN"."RECEIPT_PK" ON "SHXAOYXN"."RECEIPT" ("RECEIPT_ID") 
  PCTFREE 10 INITRANS 2 MAXTRANS 255 COMPUTE STATISTICS 
  STORAGE(INITIAL 65536 NEXT 1048576 MINEXTENTS 1 MAXEXTENTS 2147483645
  PCTINCREASE 0 FREELISTS 1 FREELIST GROUPS 1 BUFFER_POOL DEFAULT FLASH_CACHE DEFAULT CELL_FLASH_CACHE DEFAULT)
  TABLESPACE "USERS" ;
--------------------------------------------------------
--  DDL for Index REGISTRATION_PK
--------------------------------------------------------

  CREATE UNIQUE INDEX "SHXAOYXN"."REGISTRATION_PK" ON "SHXAOYXN"."REGISTRATION" ("PATIENT_ID", "CLINIC_ASSISTANT_ID") 
  PCTFREE 10 INITRANS 2 MAXTRANS 255 COMPUTE STATISTICS 
  STORAGE(INITIAL 65536 NEXT 1048576 MINEXTENTS 1 MAXEXTENTS 2147483645
  PCTINCREASE 0 FREELISTS 1 FREELIST GROUPS 1 BUFFER_POOL DEFAULT FLASH_CACHE DEFAULT CELL_FLASH_CACHE DEFAULT)
  TABLESPACE "USERS" ;
--------------------------------------------------------
--  DDL for Index TREATMENT_PK
--------------------------------------------------------

  CREATE UNIQUE INDEX "SHXAOYXN"."TREATMENT_PK" ON "SHXAOYXN"."TREATMENT" ("TREATMENT_ID") 
  PCTFREE 10 INITRANS 2 MAXTRANS 255 COMPUTE STATISTICS 
  STORAGE(INITIAL 65536 NEXT 1048576 MINEXTENTS 1 MAXEXTENTS 2147483645
  PCTINCREASE 0 FREELISTS 1 FREELIST GROUPS 1 BUFFER_POOL DEFAULT FLASH_CACHE DEFAULT CELL_FLASH_CACHE DEFAULT)
  TABLESPACE "USERS" ;
--------------------------------------------------------
--  DDL for Index VACCINATION_PK
--------------------------------------------------------

  CREATE UNIQUE INDEX "SHXAOYXN"."VACCINATION_PK" ON "SHXAOYXN"."VACCINATION" ("VACINATION_ID") 
  PCTFREE 10 INITRANS 2 MAXTRANS 255 COMPUTE STATISTICS 
  STORAGE(INITIAL 65536 NEXT 1048576 MINEXTENTS 1 MAXEXTENTS 2147483645
  PCTINCREASE 0 FREELISTS 1 FREELIST GROUPS 1 BUFFER_POOL DEFAULT FLASH_CACHE DEFAULT CELL_FLASH_CACHE DEFAULT)
  TABLESPACE "USERS" ;
--------------------------------------------------------
--  Constraints for Table ADMIN
--------------------------------------------------------

  ALTER TABLE "SHXAOYXN"."ADMIN" ADD CONSTRAINT "ADMIN_PK" PRIMARY KEY ("ADMIN_ID")
  USING INDEX PCTFREE 10 INITRANS 2 MAXTRANS 255 COMPUTE STATISTICS 
  STORAGE(INITIAL 65536 NEXT 1048576 MINEXTENTS 1 MAXEXTENTS 2147483645
  PCTINCREASE 0 FREELISTS 1 FREELIST GROUPS 1 BUFFER_POOL DEFAULT FLASH_CACHE DEFAULT CELL_FLASH_CACHE DEFAULT)
  TABLESPACE "USERS"  ENABLE;
  ALTER TABLE "SHXAOYXN"."ADMIN" MODIFY ("ADMIN_PASSWORD" NOT NULL ENABLE);
  ALTER TABLE "SHXAOYXN"."ADMIN" MODIFY ("PERSONAL_INFO_ID" NOT NULL ENABLE);
  ALTER TABLE "SHXAOYXN"."ADMIN" MODIFY ("ADMIN_ID" NOT NULL ENABLE);
--------------------------------------------------------
--  Constraints for Table APPOINTMENT
--------------------------------------------------------

  ALTER TABLE "SHXAOYXN"."APPOINTMENT" ADD CONSTRAINT "APPOINTMENT_PK" PRIMARY KEY ("APPOINTMENT_ID")
  USING INDEX PCTFREE 10 INITRANS 2 MAXTRANS 255 COMPUTE STATISTICS 
  STORAGE(INITIAL 65536 NEXT 1048576 MINEXTENTS 1 MAXEXTENTS 2147483645
  PCTINCREASE 0 FREELISTS 1 FREELIST GROUPS 1 BUFFER_POOL DEFAULT FLASH_CACHE DEFAULT CELL_FLASH_CACHE DEFAULT)
  TABLESPACE "USERS"  ENABLE;
  ALTER TABLE "SHXAOYXN"."APPOINTMENT" MODIFY ("APPOINTMENT_DATE_TIME" NOT NULL ENABLE);
  ALTER TABLE "SHXAOYXN"."APPOINTMENT" MODIFY ("PATIENT_ID" NOT NULL ENABLE);
  ALTER TABLE "SHXAOYXN"."APPOINTMENT" MODIFY ("APPOINTMENT_ID" NOT NULL ENABLE);
--------------------------------------------------------
--  Constraints for Table CLINIC_ASSISTANT
--------------------------------------------------------

  ALTER TABLE "SHXAOYXN"."CLINIC_ASSISTANT" ADD CONSTRAINT "CLINIC_ASSISTANT_PK" PRIMARY KEY ("CLINIC_ASSISTANT_ID")
  USING INDEX PCTFREE 10 INITRANS 2 MAXTRANS 255 COMPUTE STATISTICS 
  STORAGE(INITIAL 65536 NEXT 1048576 MINEXTENTS 1 MAXEXTENTS 2147483645
  PCTINCREASE 0 FREELISTS 1 FREELIST GROUPS 1 BUFFER_POOL DEFAULT FLASH_CACHE DEFAULT CELL_FLASH_CACHE DEFAULT)
  TABLESPACE "USERS"  ENABLE;
  ALTER TABLE "SHXAOYXN"."CLINIC_ASSISTANT" MODIFY ("SALARY" NOT NULL ENABLE);
  ALTER TABLE "SHXAOYXN"."CLINIC_ASSISTANT" MODIFY ("PAST_EMPLOYMENT_DURATION_YEAR" NOT NULL ENABLE);
  ALTER TABLE "SHXAOYXN"."CLINIC_ASSISTANT" MODIFY ("PAST_EMPLOYEE" NOT NULL ENABLE);
  ALTER TABLE "SHXAOYXN"."CLINIC_ASSISTANT" MODIFY ("POSITION" NOT NULL ENABLE);
  ALTER TABLE "SHXAOYXN"."CLINIC_ASSISTANT" MODIFY ("CLINIC_ASST_PASSWORD" NOT NULL ENABLE);
  ALTER TABLE "SHXAOYXN"."CLINIC_ASSISTANT" MODIFY ("PERSONAL_INFO_ID" NOT NULL ENABLE);
  ALTER TABLE "SHXAOYXN"."CLINIC_ASSISTANT" MODIFY ("CLINIC_ASSISTANT_ID" NOT NULL ENABLE);
--------------------------------------------------------
--  Constraints for Table DISEASE
--------------------------------------------------------

  ALTER TABLE "SHXAOYXN"."DISEASE" ADD CONSTRAINT "DISEASE_PK" PRIMARY KEY ("DISEASE_ID")
  USING INDEX PCTFREE 10 INITRANS 2 MAXTRANS 255 COMPUTE STATISTICS 
  STORAGE(INITIAL 65536 NEXT 1048576 MINEXTENTS 1 MAXEXTENTS 2147483645
  PCTINCREASE 0 FREELISTS 1 FREELIST GROUPS 1 BUFFER_POOL DEFAULT FLASH_CACHE DEFAULT CELL_FLASH_CACHE DEFAULT)
  TABLESPACE "USERS"  ENABLE;
  ALTER TABLE "SHXAOYXN"."DISEASE" MODIFY ("DESCRIPTION" NOT NULL ENABLE);
  ALTER TABLE "SHXAOYXN"."DISEASE" MODIFY ("DISEASE_NAME" NOT NULL ENABLE);
  ALTER TABLE "SHXAOYXN"."DISEASE" MODIFY ("TREATMENT_ID" NOT NULL ENABLE);
  ALTER TABLE "SHXAOYXN"."DISEASE" MODIFY ("DISEASE_ID" NOT NULL ENABLE);
--------------------------------------------------------
--  Constraints for Table DOCTOR
--------------------------------------------------------

  ALTER TABLE "SHXAOYXN"."DOCTOR" MODIFY ("PERSONAL_INFO_ID" NOT NULL ENABLE);
  ALTER TABLE "SHXAOYXN"."DOCTOR" ADD CONSTRAINT "DB_DOCTOR_PK" PRIMARY KEY ("DOCTOR_ID")
  USING INDEX PCTFREE 10 INITRANS 2 MAXTRANS 255 COMPUTE STATISTICS 
  STORAGE(INITIAL 65536 NEXT 1048576 MINEXTENTS 1 MAXEXTENTS 2147483645
  PCTINCREASE 0 FREELISTS 1 FREELIST GROUPS 1 BUFFER_POOL DEFAULT FLASH_CACHE DEFAULT CELL_FLASH_CACHE DEFAULT)
  TABLESPACE "USERS"  ENABLE;
  ALTER TABLE "SHXAOYXN"."DOCTOR" MODIFY ("DOCTOR_ID" NOT NULL ENABLE);
  ALTER TABLE "SHXAOYXN"."DOCTOR" MODIFY ("PRACTITIONER_TYPE" NOT NULL ENABLE);
  ALTER TABLE "SHXAOYXN"."DOCTOR" MODIFY ("PASSWORD" NOT NULL ENABLE);
--------------------------------------------------------
--  Constraints for Table INSURANCE
--------------------------------------------------------

  ALTER TABLE "SHXAOYXN"."INSURANCE" ADD CONSTRAINT "INSURANCE_PK" PRIMARY KEY ("INSURANCE_ID")
  USING INDEX PCTFREE 10 INITRANS 2 MAXTRANS 255 COMPUTE STATISTICS 
  STORAGE(INITIAL 65536 NEXT 1048576 MINEXTENTS 1 MAXEXTENTS 2147483645
  PCTINCREASE 0 FREELISTS 1 FREELIST GROUPS 1 BUFFER_POOL DEFAULT FLASH_CACHE DEFAULT CELL_FLASH_CACHE DEFAULT)
  TABLESPACE "USERS"  ENABLE;
  ALTER TABLE "SHXAOYXN"."INSURANCE" MODIFY ("PATIENT_ID" NOT NULL ENABLE);
  ALTER TABLE "SHXAOYXN"."INSURANCE" MODIFY ("INSURANCE_ID" NOT NULL ENABLE);
--------------------------------------------------------
--  Constraints for Table INVENTORY_RECORD
--------------------------------------------------------

  ALTER TABLE "SHXAOYXN"."INVENTORY_RECORD" ADD CONSTRAINT "INVENTORY_RECORD_PK" PRIMARY KEY ("INVENTORY_RECORD_ID")
  USING INDEX PCTFREE 10 INITRANS 2 MAXTRANS 255 COMPUTE STATISTICS 
  STORAGE(INITIAL 65536 NEXT 1048576 MINEXTENTS 1 MAXEXTENTS 2147483645
  PCTINCREASE 0 FREELISTS 1 FREELIST GROUPS 1 BUFFER_POOL DEFAULT FLASH_CACHE DEFAULT CELL_FLASH_CACHE DEFAULT)
  TABLESPACE "USERS"  ENABLE;
  ALTER TABLE "SHXAOYXN"."INVENTORY_RECORD" MODIFY ("EXPIRY_DATE" NOT NULL ENABLE);
  ALTER TABLE "SHXAOYXN"."INVENTORY_RECORD" MODIFY ("DATE_RECEIVED" NOT NULL ENABLE);
  ALTER TABLE "SHXAOYXN"."INVENTORY_RECORD" MODIFY ("SELLING_PRICE" NOT NULL ENABLE);
  ALTER TABLE "SHXAOYXN"."INVENTORY_RECORD" MODIFY ("ACTUAL_PRICE" NOT NULL ENABLE);
  ALTER TABLE "SHXAOYXN"."INVENTORY_RECORD" MODIFY ("QUANTITY" NOT NULL ENABLE);
  ALTER TABLE "SHXAOYXN"."INVENTORY_RECORD" MODIFY ("MEDICINE_ID" NOT NULL ENABLE);
  ALTER TABLE "SHXAOYXN"."INVENTORY_RECORD" MODIFY ("INVENTORY_RECORD_ID" NOT NULL ENABLE);
--------------------------------------------------------
--  Constraints for Table MEDICAL_RECORD
--------------------------------------------------------

  ALTER TABLE "SHXAOYXN"."MEDICAL_RECORD" MODIFY ("PRESCRIPTION_ID" NOT NULL ENABLE);
  ALTER TABLE "SHXAOYXN"."MEDICAL_RECORD" MODIFY ("CLINIC_ASSISTANT_ID" NOT NULL ENABLE);
  ALTER TABLE "SHXAOYXN"."MEDICAL_RECORD" MODIFY ("DOCTOR_ID" NOT NULL ENABLE);
  ALTER TABLE "SHXAOYXN"."MEDICAL_RECORD" MODIFY ("PATIENT_ID" NOT NULL ENABLE);
  ALTER TABLE "SHXAOYXN"."MEDICAL_RECORD" MODIFY ("FOLLOW_UP_PLAN" NOT NULL ENABLE);
  ALTER TABLE "SHXAOYXN"."MEDICAL_RECORD" MODIFY ("DIAGNOSIS" NOT NULL ENABLE);
  ALTER TABLE "SHXAOYXN"."MEDICAL_RECORD" MODIFY ("DATE_ID" NOT NULL ENABLE);
  ALTER TABLE "SHXAOYXN"."MEDICAL_RECORD" MODIFY ("SYMPTOMS" NOT NULL ENABLE);
  ALTER TABLE "SHXAOYXN"."MEDICAL_RECORD" ADD CONSTRAINT "MEDICAL_RECORD_PK" PRIMARY KEY ("MEDICAL_RECORD_ID")
  USING INDEX PCTFREE 10 INITRANS 2 MAXTRANS 255 COMPUTE STATISTICS 
  STORAGE(INITIAL 65536 NEXT 1048576 MINEXTENTS 1 MAXEXTENTS 2147483645
  PCTINCREASE 0 FREELISTS 1 FREELIST GROUPS 1 BUFFER_POOL DEFAULT FLASH_CACHE DEFAULT CELL_FLASH_CACHE DEFAULT)
  TABLESPACE "USERS"  ENABLE;
  ALTER TABLE "SHXAOYXN"."MEDICAL_RECORD" MODIFY ("MEDICAL_RECORD_ID" NOT NULL ENABLE);
--------------------------------------------------------
--  Constraints for Table MEDICINE_INFO
--------------------------------------------------------

  ALTER TABLE "SHXAOYXN"."MEDICINE_INFO" ADD CONSTRAINT "MEDICINE_INFO_PK" PRIMARY KEY ("MEDICINE_ID")
  USING INDEX PCTFREE 10 INITRANS 2 MAXTRANS 255 COMPUTE STATISTICS 
  STORAGE(INITIAL 65536 NEXT 1048576 MINEXTENTS 1 MAXEXTENTS 2147483645
  PCTINCREASE 0 FREELISTS 1 FREELIST GROUPS 1 BUFFER_POOL DEFAULT FLASH_CACHE DEFAULT CELL_FLASH_CACHE DEFAULT)
  TABLESPACE "USERS"  ENABLE;
  ALTER TABLE "SHXAOYXN"."MEDICINE_INFO" MODIFY ("QUANTITY" NOT NULL ENABLE);
  ALTER TABLE "SHXAOYXN"."MEDICINE_INFO" MODIFY ("CATEGORY" NOT NULL ENABLE);
  ALTER TABLE "SHXAOYXN"."MEDICINE_INFO" MODIFY ("DESCRIPTION" NOT NULL ENABLE);
  ALTER TABLE "SHXAOYXN"."MEDICINE_INFO" MODIFY ("TYPE" NOT NULL ENABLE);
  ALTER TABLE "SHXAOYXN"."MEDICINE_INFO" MODIFY ("TO_FINISH" NOT NULL ENABLE);
  ALTER TABLE "SHXAOYXN"."MEDICINE_INFO" MODIFY ("BEFORE_AFTER_FOOD" NOT NULL ENABLE);
  ALTER TABLE "SHXAOYXN"."MEDICINE_INFO" MODIFY ("FREQUENCY" NOT NULL ENABLE);
  ALTER TABLE "SHXAOYXN"."MEDICINE_INFO" MODIFY ("DOSE_MG_ML" NOT NULL ENABLE);
  ALTER TABLE "SHXAOYXN"."MEDICINE_INFO" MODIFY ("MEDICINE_NAME" NOT NULL ENABLE);
  ALTER TABLE "SHXAOYXN"."MEDICINE_INFO" MODIFY ("MEDICINE_ID" NOT NULL ENABLE);
--------------------------------------------------------
--  Constraints for Table PATIENT
--------------------------------------------------------

  ALTER TABLE "SHXAOYXN"."PATIENT" ADD CONSTRAINT "PATIENT_PK" PRIMARY KEY ("PATIENT_ID")
  USING INDEX PCTFREE 10 INITRANS 2 MAXTRANS 255 COMPUTE STATISTICS 
  STORAGE(INITIAL 65536 NEXT 1048576 MINEXTENTS 1 MAXEXTENTS 2147483645
  PCTINCREASE 0 FREELISTS 1 FREELIST GROUPS 1 BUFFER_POOL DEFAULT FLASH_CACHE DEFAULT CELL_FLASH_CACHE DEFAULT)
  TABLESPACE "USERS"  ENABLE;
  ALTER TABLE "SHXAOYXN"."PATIENT" MODIFY ("ALLERGIES" NOT NULL ENABLE);
  ALTER TABLE "SHXAOYXN"."PATIENT" MODIFY ("LAST_VISIT" NOT NULL ENABLE);
  ALTER TABLE "SHXAOYXN"."PATIENT" MODIFY ("DATE_VISIT" NOT NULL ENABLE);
  ALTER TABLE "SHXAOYXN"."PATIENT" MODIFY ("COMPANY_NAME" NOT NULL ENABLE);
  ALTER TABLE "SHXAOYXN"."PATIENT" MODIFY ("BLOOD_GROUP" NOT NULL ENABLE);
  ALTER TABLE "SHXAOYXN"."PATIENT" MODIFY ("HEIGHT" NOT NULL ENABLE);
  ALTER TABLE "SHXAOYXN"."PATIENT" MODIFY ("WEIGHT" NOT NULL ENABLE);
  ALTER TABLE "SHXAOYXN"."PATIENT" MODIFY ("MEDICAL_RECORD_ID" NOT NULL ENABLE);
  ALTER TABLE "SHXAOYXN"."PATIENT" MODIFY ("PERSONAL_INFO_ID" NOT NULL ENABLE);
  ALTER TABLE "SHXAOYXN"."PATIENT" MODIFY ("PATIENT_ID" NOT NULL ENABLE);
--------------------------------------------------------
--  Constraints for Table PAYMENT
--------------------------------------------------------

  ALTER TABLE "SHXAOYXN"."PAYMENT" ADD CONSTRAINT "PAYMENT_PK" PRIMARY KEY ("PAYMENT_ID")
  USING INDEX PCTFREE 10 INITRANS 2 MAXTRANS 255 COMPUTE STATISTICS 
  STORAGE(INITIAL 65536 NEXT 1048576 MINEXTENTS 1 MAXEXTENTS 2147483645
  PCTINCREASE 0 FREELISTS 1 FREELIST GROUPS 1 BUFFER_POOL DEFAULT FLASH_CACHE DEFAULT CELL_FLASH_CACHE DEFAULT)
  TABLESPACE "USERS"  ENABLE;
  ALTER TABLE "SHXAOYXN"."PAYMENT" MODIFY ("RECEIPT_ID" NOT NULL ENABLE);
  ALTER TABLE "SHXAOYXN"."PAYMENT" MODIFY ("PATIENT_ID" NOT NULL ENABLE);
  ALTER TABLE "SHXAOYXN"."PAYMENT" MODIFY ("PAYMENT_ID" NOT NULL ENABLE);
--------------------------------------------------------
--  Constraints for Table PERSONAL_INFO
--------------------------------------------------------

  ALTER TABLE "SHXAOYXN"."PERSONAL_INFO" MODIFY ("ADDRESS" NOT NULL ENABLE);
  ALTER TABLE "SHXAOYXN"."PERSONAL_INFO" MODIFY ("MARITAL_STATUS" NOT NULL ENABLE);
  ALTER TABLE "SHXAOYXN"."PERSONAL_INFO" MODIFY ("NO_OF_CHILDREN" NOT NULL ENABLE);
  ALTER TABLE "SHXAOYXN"."PERSONAL_INFO" MODIFY ("OCCUPATION" NOT NULL ENABLE);
  ALTER TABLE "SHXAOYXN"."PERSONAL_INFO" MODIFY ("NATIONALITY" NOT NULL ENABLE);
  ALTER TABLE "SHXAOYXN"."PERSONAL_INFO" MODIFY ("RACE" NOT NULL ENABLE);
  ALTER TABLE "SHXAOYXN"."PERSONAL_INFO" ADD CONSTRAINT "PERSONAL_INFO_PK" PRIMARY KEY ("PERSONAL_INFO_ID")
  USING INDEX PCTFREE 10 INITRANS 2 MAXTRANS 255 COMPUTE STATISTICS 
  STORAGE(INITIAL 65536 NEXT 1048576 MINEXTENTS 1 MAXEXTENTS 2147483645
  PCTINCREASE 0 FREELISTS 1 FREELIST GROUPS 1 BUFFER_POOL DEFAULT FLASH_CACHE DEFAULT CELL_FLASH_CACHE DEFAULT)
  TABLESPACE "USERS"  ENABLE;
  ALTER TABLE "SHXAOYXN"."PERSONAL_INFO" MODIFY ("AGE" NOT NULL ENABLE);
  ALTER TABLE "SHXAOYXN"."PERSONAL_INFO" MODIFY ("GENDER" NOT NULL ENABLE);
  ALTER TABLE "SHXAOYXN"."PERSONAL_INFO" MODIFY ("RELIGION" NOT NULL ENABLE);
  ALTER TABLE "SHXAOYXN"."PERSONAL_INFO" MODIFY ("IC_NO" NOT NULL ENABLE);
  ALTER TABLE "SHXAOYXN"."PERSONAL_INFO" MODIFY ("EMAIL" NOT NULL ENABLE);
  ALTER TABLE "SHXAOYXN"."PERSONAL_INFO" MODIFY ("PHONE_NUMBER" NOT NULL ENABLE);
  ALTER TABLE "SHXAOYXN"."PERSONAL_INFO" MODIFY ("NAME" NOT NULL ENABLE);
  ALTER TABLE "SHXAOYXN"."PERSONAL_INFO" MODIFY ("PERSONAL_INFO_ID" NOT NULL ENABLE);
--------------------------------------------------------
--  Constraints for Table PRESCRIPTION
--------------------------------------------------------

  ALTER TABLE "SHXAOYXN"."PRESCRIPTION" ADD CONSTRAINT "PRESCRIPTION_PK" PRIMARY KEY ("PRESCRIPTION_ID")
  USING INDEX PCTFREE 10 INITRANS 2 MAXTRANS 255 COMPUTE STATISTICS 
  STORAGE(INITIAL 65536 NEXT 1048576 MINEXTENTS 1 MAXEXTENTS 2147483645
  PCTINCREASE 0 FREELISTS 1 FREELIST GROUPS 1 BUFFER_POOL DEFAULT FLASH_CACHE DEFAULT CELL_FLASH_CACHE DEFAULT)
  TABLESPACE "USERS"  ENABLE;
  ALTER TABLE "SHXAOYXN"."PRESCRIPTION" MODIFY ("DESCRIPTION" NOT NULL ENABLE);
  ALTER TABLE "SHXAOYXN"."PRESCRIPTION" MODIFY ("TREATMENT_ID" NOT NULL ENABLE);
  ALTER TABLE "SHXAOYXN"."PRESCRIPTION" MODIFY ("PRESCRIPTION_ID" NOT NULL ENABLE);
--------------------------------------------------------
--  Constraints for Table PRESCRIPTION_MEDICINE
--------------------------------------------------------

  ALTER TABLE "SHXAOYXN"."PRESCRIPTION_MEDICINE" ADD CONSTRAINT "PRESCRIPTION_MEDICINE_PK" PRIMARY KEY ("MEDICINE_ID", "PRESCRIPTION_ID")
  USING INDEX PCTFREE 10 INITRANS 2 MAXTRANS 255 COMPUTE STATISTICS 
  STORAGE(INITIAL 65536 NEXT 1048576 MINEXTENTS 1 MAXEXTENTS 2147483645
  PCTINCREASE 0 FREELISTS 1 FREELIST GROUPS 1 BUFFER_POOL DEFAULT FLASH_CACHE DEFAULT CELL_FLASH_CACHE DEFAULT)
  TABLESPACE "USERS"  ENABLE;
  ALTER TABLE "SHXAOYXN"."PRESCRIPTION_MEDICINE" MODIFY ("MEDICINE_ID" NOT NULL ENABLE);
  ALTER TABLE "SHXAOYXN"."PRESCRIPTION_MEDICINE" MODIFY ("PRESCRIPTION_ID" NOT NULL ENABLE);
--------------------------------------------------------
--  Constraints for Table RECEIPT
--------------------------------------------------------

  ALTER TABLE "SHXAOYXN"."RECEIPT" ADD CONSTRAINT "RECEIPT_PK" PRIMARY KEY ("RECEIPT_ID")
  USING INDEX PCTFREE 10 INITRANS 2 MAXTRANS 255 COMPUTE STATISTICS 
  STORAGE(INITIAL 65536 NEXT 1048576 MINEXTENTS 1 MAXEXTENTS 2147483645
  PCTINCREASE 0 FREELISTS 1 FREELIST GROUPS 1 BUFFER_POOL DEFAULT FLASH_CACHE DEFAULT CELL_FLASH_CACHE DEFAULT)
  TABLESPACE "USERS"  ENABLE;
  ALTER TABLE "SHXAOYXN"."RECEIPT" MODIFY ("PAYMENT_DATE" NOT NULL ENABLE);
  ALTER TABLE "SHXAOYXN"."RECEIPT" MODIFY ("PAYMENT_AMOUNT" NOT NULL ENABLE);
  ALTER TABLE "SHXAOYXN"."RECEIPT" MODIFY ("PAYMENT_ITEM" NOT NULL ENABLE);
  ALTER TABLE "SHXAOYXN"."RECEIPT" MODIFY ("PAYMENT_TYPE" NOT NULL ENABLE);
  ALTER TABLE "SHXAOYXN"."RECEIPT" MODIFY ("RECEIPT_ID" NOT NULL ENABLE);
--------------------------------------------------------
--  Constraints for Table REGISTRATION
--------------------------------------------------------

  ALTER TABLE "SHXAOYXN"."REGISTRATION" ADD CONSTRAINT "REGISTRATION_PK" PRIMARY KEY ("PATIENT_ID", "CLINIC_ASSISTANT_ID")
  USING INDEX PCTFREE 10 INITRANS 2 MAXTRANS 255 COMPUTE STATISTICS 
  STORAGE(INITIAL 65536 NEXT 1048576 MINEXTENTS 1 MAXEXTENTS 2147483645
  PCTINCREASE 0 FREELISTS 1 FREELIST GROUPS 1 BUFFER_POOL DEFAULT FLASH_CACHE DEFAULT CELL_FLASH_CACHE DEFAULT)
  TABLESPACE "USERS"  ENABLE;
  ALTER TABLE "SHXAOYXN"."REGISTRATION" MODIFY ("REGISTRATION_DATE" NOT NULL ENABLE);
  ALTER TABLE "SHXAOYXN"."REGISTRATION" MODIFY ("CLINIC_ASSISTANT_ID" NOT NULL ENABLE);
  ALTER TABLE "SHXAOYXN"."REGISTRATION" MODIFY ("PATIENT_ID" NOT NULL ENABLE);
--------------------------------------------------------
--  Constraints for Table TREATMENT
--------------------------------------------------------

  ALTER TABLE "SHXAOYXN"."TREATMENT" ADD CONSTRAINT "TREATMENT_PK" PRIMARY KEY ("TREATMENT_ID")
  USING INDEX PCTFREE 10 INITRANS 2 MAXTRANS 255 COMPUTE STATISTICS 
  STORAGE(INITIAL 65536 NEXT 1048576 MINEXTENTS 1 MAXEXTENTS 2147483645
  PCTINCREASE 0 FREELISTS 1 FREELIST GROUPS 1 BUFFER_POOL DEFAULT FLASH_CACHE DEFAULT CELL_FLASH_CACHE DEFAULT)
  TABLESPACE "USERS"  ENABLE;
  ALTER TABLE "SHXAOYXN"."TREATMENT" MODIFY ("MEDICATION_PERIOD_DAY" NOT NULL ENABLE);
  ALTER TABLE "SHXAOYXN"."TREATMENT" MODIFY ("TREATMENT_NAME" NOT NULL ENABLE);
  ALTER TABLE "SHXAOYXN"."TREATMENT" MODIFY ("MEDICINE_ID" NOT NULL ENABLE);
  ALTER TABLE "SHXAOYXN"."TREATMENT" MODIFY ("TREATMENT_ID" NOT NULL ENABLE);
--------------------------------------------------------
--  Constraints for Table VACCINATION
--------------------------------------------------------

  ALTER TABLE "SHXAOYXN"."VACCINATION" ADD CONSTRAINT "VACCINATION_PK" PRIMARY KEY ("VACINATION_ID")
  USING INDEX PCTFREE 10 INITRANS 2 MAXTRANS 255 COMPUTE STATISTICS 
  STORAGE(INITIAL 65536 NEXT 1048576 MINEXTENTS 1 MAXEXTENTS 2147483645
  PCTINCREASE 0 FREELISTS 1 FREELIST GROUPS 1 BUFFER_POOL DEFAULT FLASH_CACHE DEFAULT CELL_FLASH_CACHE DEFAULT)
  TABLESPACE "USERS"  ENABLE;
  ALTER TABLE "SHXAOYXN"."VACCINATION" MODIFY ("VACCINATION_PERIOD_MONTH" NOT NULL ENABLE);
  ALTER TABLE "SHXAOYXN"."VACCINATION" MODIFY ("VACCINATION_NAME" NOT NULL ENABLE);
  ALTER TABLE "SHXAOYXN"."VACCINATION" MODIFY ("VACCINATION_TYPE" NOT NULL ENABLE);
  ALTER TABLE "SHXAOYXN"."VACCINATION" MODIFY ("PATIENT_ID" NOT NULL ENABLE);
  ALTER TABLE "SHXAOYXN"."VACCINATION" MODIFY ("VACINATION_ID" NOT NULL ENABLE);
--------------------------------------------------------
--  Ref Constraints for Table ADMIN
--------------------------------------------------------

  ALTER TABLE "SHXAOYXN"."ADMIN" ADD CONSTRAINT "FK13" FOREIGN KEY ("PERSONAL_INFO_ID")
	  REFERENCES "SHXAOYXN"."PERSONAL_INFO" ("PERSONAL_INFO_ID") ENABLE;
--------------------------------------------------------
--  Ref Constraints for Table APPOINTMENT
--------------------------------------------------------

  ALTER TABLE "SHXAOYXN"."APPOINTMENT" ADD CONSTRAINT "FK17" FOREIGN KEY ("PATIENT_ID")
	  REFERENCES "SHXAOYXN"."PATIENT" ("PATIENT_ID") ENABLE;
--------------------------------------------------------
--  Ref Constraints for Table CLINIC_ASSISTANT
--------------------------------------------------------

  ALTER TABLE "SHXAOYXN"."CLINIC_ASSISTANT" ADD CONSTRAINT "FK2" FOREIGN KEY ("PERSONAL_INFO_ID")
	  REFERENCES "SHXAOYXN"."PERSONAL_INFO" ("PERSONAL_INFO_ID") ENABLE;
--------------------------------------------------------
--  Ref Constraints for Table DISEASE
--------------------------------------------------------

  ALTER TABLE "SHXAOYXN"."DISEASE" ADD CONSTRAINT "FK20" FOREIGN KEY ("TREATMENT_ID")
	  REFERENCES "SHXAOYXN"."TREATMENT" ("TREATMENT_ID") ENABLE;
--------------------------------------------------------
--  Ref Constraints for Table DOCTOR
--------------------------------------------------------

  ALTER TABLE "SHXAOYXN"."DOCTOR" ADD CONSTRAINT "FK1" FOREIGN KEY ("PERSONAL_INFO_ID")
	  REFERENCES "SHXAOYXN"."PERSONAL_INFO" ("PERSONAL_INFO_ID") ENABLE;
--------------------------------------------------------
--  Ref Constraints for Table INSURANCE
--------------------------------------------------------

  ALTER TABLE "SHXAOYXN"."INSURANCE" ADD CONSTRAINT "FK16" FOREIGN KEY ("PATIENT_ID")
	  REFERENCES "SHXAOYXN"."PATIENT" ("PATIENT_ID") ENABLE;
--------------------------------------------------------
--  Ref Constraints for Table INVENTORY_RECORD
--------------------------------------------------------

  ALTER TABLE "SHXAOYXN"."INVENTORY_RECORD" ADD CONSTRAINT "FK12" FOREIGN KEY ("MEDICINE_ID")
	  REFERENCES "SHXAOYXN"."MEDICINE_INFO" ("MEDICINE_ID") ENABLE;
--------------------------------------------------------
--  Ref Constraints for Table MEDICAL_RECORD
--------------------------------------------------------

  ALTER TABLE "SHXAOYXN"."MEDICAL_RECORD" ADD CONSTRAINT "FK5" FOREIGN KEY ("PATIENT_ID")
	  REFERENCES "SHXAOYXN"."PATIENT" ("PATIENT_ID") ENABLE;
  ALTER TABLE "SHXAOYXN"."MEDICAL_RECORD" ADD CONSTRAINT "FK6" FOREIGN KEY ("DOCTOR_ID")
	  REFERENCES "SHXAOYXN"."DOCTOR" ("DOCTOR_ID") ENABLE;
  ALTER TABLE "SHXAOYXN"."MEDICAL_RECORD" ADD CONSTRAINT "FK7" FOREIGN KEY ("CLINIC_ASSISTANT_ID")
	  REFERENCES "SHXAOYXN"."CLINIC_ASSISTANT" ("CLINIC_ASSISTANT_ID") ENABLE;
  ALTER TABLE "SHXAOYXN"."MEDICAL_RECORD" ADD CONSTRAINT "FK9" FOREIGN KEY ("PRESCRIPTION_ID")
	  REFERENCES "SHXAOYXN"."PRESCRIPTION" ("PRESCRIPTION_ID") ENABLE;
--------------------------------------------------------
--  Ref Constraints for Table PATIENT
--------------------------------------------------------

  ALTER TABLE "SHXAOYXN"."PATIENT" ADD CONSTRAINT "FK3" FOREIGN KEY ("PERSONAL_INFO_ID")
	  REFERENCES "SHXAOYXN"."PERSONAL_INFO" ("PERSONAL_INFO_ID") ENABLE;
  ALTER TABLE "SHXAOYXN"."PATIENT" ADD CONSTRAINT "FK8" FOREIGN KEY ("MEDICAL_RECORD_ID")
	  REFERENCES "SHXAOYXN"."MEDICAL_RECORD" ("MEDICAL_RECORD_ID") ENABLE;
--------------------------------------------------------
--  Ref Constraints for Table PAYMENT
--------------------------------------------------------

  ALTER TABLE "SHXAOYXN"."PAYMENT" ADD CONSTRAINT "FK22" FOREIGN KEY ("RECEIPT_ID")
	  REFERENCES "SHXAOYXN"."RECEIPT" ("RECEIPT_ID") ENABLE;
  ALTER TABLE "SHXAOYXN"."PAYMENT" ADD CONSTRAINT "FK23" FOREIGN KEY ("PATIENT_ID")
	  REFERENCES "SHXAOYXN"."PATIENT" ("PATIENT_ID") ENABLE;
--------------------------------------------------------
--  Ref Constraints for Table PRESCRIPTION
--------------------------------------------------------

  ALTER TABLE "SHXAOYXN"."PRESCRIPTION" ADD CONSTRAINT "FK10" FOREIGN KEY ("TREATMENT_ID")
	  REFERENCES "SHXAOYXN"."TREATMENT" ("TREATMENT_ID") ENABLE;
--------------------------------------------------------
--  Ref Constraints for Table PRESCRIPTION_MEDICINE
--------------------------------------------------------

  ALTER TABLE "SHXAOYXN"."PRESCRIPTION_MEDICINE" ADD CONSTRAINT "FK11" FOREIGN KEY ("PRESCRIPTION_ID")
	  REFERENCES "SHXAOYXN"."PRESCRIPTION" ("PRESCRIPTION_ID") ENABLE;
  ALTER TABLE "SHXAOYXN"."PRESCRIPTION_MEDICINE" ADD CONSTRAINT "FK14" FOREIGN KEY ("MEDICINE_ID")
	  REFERENCES "SHXAOYXN"."MEDICINE_INFO" ("MEDICINE_ID") ENABLE;
--------------------------------------------------------
--  Ref Constraints for Table REGISTRATION
--------------------------------------------------------

  ALTER TABLE "SHXAOYXN"."REGISTRATION" ADD CONSTRAINT "FK24" FOREIGN KEY ("CLINIC_ASSISTANT_ID")
	  REFERENCES "SHXAOYXN"."CLINIC_ASSISTANT" ("CLINIC_ASSISTANT_ID") ENABLE;
  ALTER TABLE "SHXAOYXN"."REGISTRATION" ADD CONSTRAINT "FK4" FOREIGN KEY ("PATIENT_ID")
	  REFERENCES "SHXAOYXN"."PATIENT" ("PATIENT_ID") ENABLE;
--------------------------------------------------------
--  Ref Constraints for Table TREATMENT
--------------------------------------------------------

  ALTER TABLE "SHXAOYXN"."TREATMENT" ADD CONSTRAINT "FK15" FOREIGN KEY ("MEDICINE_ID")
	  REFERENCES "SHXAOYXN"."MEDICINE_INFO" ("MEDICINE_ID") ENABLE;
--------------------------------------------------------
--  Ref Constraints for Table VACCINATION
--------------------------------------------------------

  ALTER TABLE "SHXAOYXN"."VACCINATION" ADD CONSTRAINT "FK21" FOREIGN KEY ("PATIENT_ID")
	  REFERENCES "SHXAOYXN"."PATIENT" ("PATIENT_ID") ENABLE;
